Name,Date,Rank,3yr Rev Growth %,Revenue,Industry,Employees,City,State,Rev./Employee
DataXu,"new Date(2013,1,1)",5,213.37,87000000.0,Advertising & Marketing,220,Boston,MA,395454.545455
Emerge Digital Group,"new Date(2013,1,1)",8,170.64,23900000.0,Advertising & Marketing,75,San Francisco,CA,318666.666667
AdRoll,"new Date(2013,1,1)",12,150.65,34100000.0,Advertising & Marketing,165,San Francisco,CA,206666.666667
Sparc,"new Date(2013,1,1)",14,128.63,21100000.0,Software,160,Charleston,SC,131875.0
BlueKai,"new Date(2013,1,1)",20,92.45,26800000.0,Advertising & Marketing,107,Cupertino,CA,250467.28972
Trada,"new Date(2013,1,1)",27,81.01,12600000.0,Advertising & Marketing,75,Boulder,CO,168000.0
Kony,"new Date(2013,1,1)",28,77.86,51100000.0,Software,1100,Orlando,FL,46454.5454545
Sailthru,"new Date(2013,1,1)",30,73.22,8100000.0,Advertising & Marketing,79,New York,NY,102531.64557
Zurple,"new Date(2013,1,1)",33,71.12,7700000.0,Software,32,Carlsbad,CA,240625.0
YellowHammer,"new Date(2013,1,1)",37,67.4,18000000.0,Advertising & Marketing,27,New York,NY,666666.666667
Conductor,"new Date(2013,1,1)",38,67.02,7100000.0,Advertising & Marketing,89,New York,NY,79775.2808989
Phunware,"new Date(2013,1,1)",40,65.27,8200000.0,Software,92,Austin,TX,89130.4347826
29 Prime,"new Date(2013,1,1)",47,54.43,13800000.0,Advertising & Marketing,152,Irvine,CA,90789.4736842
Madwire Media,"new Date(2013,1,1)",51,52.54,6900000.0,Advertising & Marketing,94,Loveland,CO,73404.2553191
LabTech Software,"new Date(2013,1,1)",53,52.08,23100000.0,Software,152,Tampa,FL,151973.684211
Altitude Digital,"new Date(2013,1,1)",54,51.62,11400000.0,Advertising & Marketing,21,Denver,CO,542857.142857
Lead5 Media,"new Date(2013,1,1)",57,50.16,35600000.0,Advertising & Marketing,33,Newark,CA,1078787.87879
eGumball,"new Date(2013,1,1)",58,50.15,9600000.0,Advertising & Marketing,125,Irvine,CA,76800.0
HasOffers,"new Date(2013,1,1)",63,48.37,7300000.0,Advertising & Marketing,57,Seattle,WA,128070.175439
ReTargeter,"new Date(2013,1,1)",68,47.39,6500000.0,Advertising & Marketing,35,San Francisco,CA,185714.285714
C-4 Analytics,"new Date(2013,1,1)",69,46.46,4900000.0,Advertising & Marketing,32,Saugus,MA,153125.0
33Across,"new Date(2013,1,1)",70,44.99,27900000.0,Advertising & Marketing,75,New York,NY,372000.0
LiveIntent,"new Date(2013,1,1)",71,44.85,6900000.0,Advertising & Marketing,42,New York,NY,164285.714286
Rocket Fuel,"new Date(2013,1,1)",72,44.51,106600000.0,Advertising & Marketing,289,Redwood City,CA,368858.131488
SKM Media Group,"new Date(2013,1,1)",89,37.52,12000000.0,Advertising & Marketing,20,Boca Raton,FL,600000.0
CashStar,"new Date(2013,1,1)",103,34.14,9700000.0,Software,96,Portland,ME,101041.666667
WebiMax,"new Date(2013,1,1)",104,33.67,8400000.0,Advertising & Marketing,125,Mount Laurel,NJ,67200.0
Touchsuite,"new Date(2013,1,1)",105,33.38,13400000.0,Software,43,Boca Raton,FL,311627.906977
Acquia,"new Date(2013,1,1)",109,31.31,45400000.0,Software,263,Burlington,MA,172623.574144
Oceanhouse Media,"new Date(2013,1,1)",114,30.55,3900000.0,Software,10,Encinitas,CA,390000.0
Puppet Labs,"new Date(2013,1,1)",120,29.75,8800000.0,Software,107,Portland,OR,82242.9906542
Asentra,"new Date(2013,1,1)",123,29.63,12100000.0,Advertising & Marketing,24,Trumbull,CT,504166.666667
Advice Interactive Group,"new Date(2013,1,1)",130,28.08,3200000.0,Advertising & Marketing,31,McKinney,TX,103225.806452
Netcom3 Global,"new Date(2013,1,1)",131,27.73,23700000.0,Software,12,Laguna Niguel,CA,1975000.0
Videology,"new Date(2013,1,1)",136,27.27,137500000.0,Advertising & Marketing,321,Baltimore,MD,428348.909657
Finch,"new Date(2013,1,1)",145,25.93,2900000.0,Software,6,Lehi,UT,483333.333333
Hudl,"new Date(2013,1,1)",149,25.35,14100000.0,Software,73,Lincoln,NE,193150.684932
W4,"new Date(2013,1,1)",152,25.15,59800000.0,Advertising & Marketing,40,Santa Monica,CA,1495000.0
Mobomo,"new Date(2013,1,1)",158,24.84,2800000.0,Software,13,Bethesda,MD,215384.615385
Projekt202,"new Date(2013,1,1)",161,24.36,12500000.0,Software,73,Addison,TX,171232.876712
Alternative Technology Solutions,"new Date(2013,1,1)",166,24.07,8800000.0,Software,52,Aliso Viejo,CA,169230.769231
Extreme Reach,"new Date(2013,1,1)",171,23.49,41500000.0,Advertising & Marketing,203,Needham,MA,204433.497537
Act-On Software,"new Date(2013,1,1)",172,23.3,9200000.0,Software,140,Beaverton,OR,65714.2857143
Refinery29,"new Date(2013,1,1)",174,23.01,16600000.0,Media,99,New York,NY,167676.767677
Ticketracker,"new Date(2013,1,1)",178,22.67,2500000.0,Software,11,Anderson,IN,227272.727273
WordStream,"new Date(2013,1,1)",184,22.25,3400000.0,Advertising & Marketing,56,Boston,MA,60714.2857143
Ad-Juster,"new Date(2013,1,1)",186,22.18,2800000.0,Software,18,Poway,CA,155555.555556
Omatic Software,"new Date(2013,1,1)",189,21.92,5000000.0,Software,22,North Charleston,SC,227272.727273
Greenphire,"new Date(2013,1,1)",191,21.78,5400000.0,Software,42,King of Prussia,PA,128571.428571
AudioMicro,"new Date(2013,1,1)",204,20.53,2200000.0,Media,5,Sherman Oaks,CA,440000.0
OpenX,"new Date(2013,1,1)",222,19.21,154000000.0,Advertising & Marketing,264,Pasadena,CA,583333.333333
Quick Left,"new Date(2013,1,1)",223,19.17,2800000.0,Software,20,Boulder,CO,140000.0
WebPT,"new Date(2013,1,1)",231,18.37,8900000.0,Software,140,Phoenix,AZ,63571.4285714
TubeMogul,"new Date(2013,1,1)",239,18.03,53400000.0,Advertising & Marketing,125,Emeryville,CA,427200.0
iQuanti,"new Date(2013,1,1)",240,17.96,2500000.0,Advertising & Marketing,50,Hoboken,NJ,50000.0
TrendyMinds,"new Date(2013,1,1)",247,17.58,3700000.0,Advertising & Marketing,29,Indianapolis,IN,127586.206897
Gravity Media,"new Date(2013,1,1)",250,17.24,12400000.0,Advertising & Marketing,15,New York,NY,826666.666667
Transcend Media,"new Date(2013,1,1)",255,16.73,6700000.0,Advertising & Marketing,107,Greenacres,FL,62616.8224299
NUE Agency,"new Date(2013,1,1)",267,16.04,4500000.0,Media,4,New York,NY,1125000.0
Full Circle Marketing,"new Date(2013,1,1)",273,15.87,3400000.0,Advertising & Marketing,14,Ft. Lauderdale,FL,242857.142857
RosettaBooks,"new Date(2013,1,1)",280,15.49,3200000.0,Media,7,New York,NY,457142.857143
Bottle Rocket Apps,"new Date(2013,1,1)",284,15.29,10800000.0,Software,107,Dallas,TX,100934.579439
SET,"new Date(2013,1,1)",285,15.28,23700000.0,Advertising & Marketing,46,New York,NY,515217.391304
Column Five,"new Date(2013,1,1)",291,15.04,5300000.0,Media,42,Newport Beach,CA,126190.47619
ActivityRez,"new Date(2013,1,1)",292,14.81,5100000.0,Software,9,Honolulu,HI,566666.666667
Clickin Moms,"new Date(2013,1,1)",300,14.49,2800000.0,Media,10,Geneva,IL,280000.0
Reboot Marketing,"new Date(2013,1,1)",304,14.28,11800000.0,Advertising & Marketing,7,Nashville,TN,1685714.28571
ISBX,"new Date(2013,1,1)",320,13.45,5200000.0,Software,27,Los Angeles,CA,192592.592593
OneScreen,"new Date(2013,1,1)",321,13.44,15800000.0,Software,55,Irvine,CA,287272.727273
Seamgen,"new Date(2013,1,1)",323,13.28,3700000.0,Software,20,San Diego,CA,185000.0
Branding Brand,"new Date(2013,1,1)",332,13.02,8000000.0,Software,117,Pittsburgh,PA,68376.0683761
FuelFX,"new Date(2013,1,1)",334,12.91,2200000.0,Advertising & Marketing,31,Bellaire,TX,70967.7419355
ReverbNation,"new Date(2013,1,1)",345,12.57,13900000.0,Software,61,Durham,NC,227868.852459
SugarSync,"new Date(2013,1,1)",357,12.34,17300000.0,Software,70,San Mateo,CA,247142.857143
Magnet 360,"new Date(2013,1,1)",358,12.31,17100000.0,Advertising & Marketing,71,St. Louis Park,MN,240845.070423
Acceleration Partners,"new Date(2013,1,1)",359,12.27,3300000.0,Advertising & Marketing,15,Needham,MA,220000.0
Clearleap,"new Date(2013,1,1)",364,12.13,5500000.0,Software,35,Duluth,GA,157142.857143
Marketo,"new Date(2013,1,1)",367,12.05,58400000.0,Software,339,San Mateo,CA,172271.386431
Netsertive,"new Date(2013,1,1)",368,11.93,9000000.0,Advertising & Marketing,73,Morrisville,NC,123287.671233
"Re:think (Ramsey, NJ)","new Date(2013,1,1)",370,11.86,2900000.0,Advertising & Marketing,22,Ramsey,NJ,131818.181818
Evo Exhibits,"new Date(2013,1,1)",373,11.84,4500000.0,Advertising & Marketing,22,West Chicago,IL,204545.454545
Action Lead Solutions,"new Date(2013,1,1)",375,11.81,7900000.0,Advertising & Marketing,12,Chicago,IL,658333.333333
Martini Media,"new Date(2013,1,1)",376,11.77,17200000.0,Advertising & Marketing,50,San Francisco,CA,344000.0
Seven Swords Media,"new Date(2013,1,1)",386,11.56,8800000.0,Advertising & Marketing,29,Cranston,RI,303448.275862
Marketsmith,"new Date(2013,1,1)",389,11.38,28100000.0,Advertising & Marketing,23,Parsippany,NJ,1221739.13043
Adscend Media,"new Date(2013,1,1)",396,11.23,10900000.0,Advertising & Marketing,8,Austin,TX,1362500.0
Grok,"new Date(2013,1,1)",418,10.77,9400000.0,Advertising & Marketing,19,New York,NY,494736.842105
BoomTown,"new Date(2013,1,1)",431,10.58,8100000.0,Software,65,Charleston,SC,124615.384615
AdColony,"new Date(2013,1,1)",444,10.28,11300000.0,Advertising & Marketing,53,Los Angeles,CA,213207.54717
Rooster Park,"new Date(2013,1,1)",448,10.25,8200000.0,Software,53,Seattle,WA,154716.981132
Carrot Creative,"new Date(2013,1,1)",450,10.24,7200000.0,Advertising & Marketing,45,Brooklyn,NY,160000.0
PlayMaker CRM,"new Date(2013,1,1)",451,10.18,2200000.0,Software,20,Franklin,TN,110000.0
Brafton,"new Date(2013,1,1)",453,10.14,16700000.0,Advertising & Marketing,263,Boston,MA,63498.0988593
Classy Llama,"new Date(2013,1,1)",454,10.08,2400000.0,Advertising & Marketing,26,Springfield,MO,92307.6923077
Janrain,"new Date(2013,1,1)",455,10.08,5900000.0,Software,167,Portland,OR,35329.3413174
DB5,"new Date(2013,1,1)",456,10.07,5800000.0,Advertising & Marketing,27,San Marino,CA,214814.814815
Encompass Digital Media,"new Date(2013,1,1)",457,10.05,210400000.0,Media,1131,Stamford,CT,186030.061892
Add3,"new Date(2013,1,1)",462,10.0,5900000.0,Advertising & Marketing,18,Seattle,WA,327777.777778
GameSim,"new Date(2013,1,1)",466,9.92,2700000.0,Software,25,Orlando,FL,108000.0
Content Marketing Institute,"new Date(2013,1,1)",468,9.89,3100000.0,Media,2,Cleveland,OH,1550000.0
Workday,"new Date(2013,1,1)",469,9.84,273700000.0,Software,1550,Pleasanton,CA,176580.645161
RevLocal,"new Date(2013,1,1)",472,9.82,2500000.0,Advertising & Marketing,83,Mount Vernon,OH,30120.4819277
JESS3,"new Date(2013,1,1)",475,9.73,5600000.0,Advertising & Marketing,27,Los Angeles,CA,207407.407407
Basho Technologies,"new Date(2013,1,1)",476,9.73,5500000.0,Software,105,Cambridge,MA,52380.952381
Chief Executive Group,"new Date(2013,1,1)",484,9.37,4100000.0,Media,20,Greenwich,CT,205000.0
Owens Harkey Advertising,"new Date(2013,1,1)",491,9.31,3300000.0,Advertising & Marketing,22,Phoenix,AZ,150000.0
Five Data,"new Date(2013,1,1)",495,9.27,3500000.0,Advertising & Marketing,7,elmhurst,IL,500000.0
Largetail,"new Date(2013,1,1)",502,9.1,3700000.0,Advertising & Marketing,12,New York,NY,308333.333333
Square Root,"new Date(2013,1,1)",508,9.0,8100000.0,Software,17,Austin,TX,476470.588235
Mindgrub Technologies,"new Date(2013,1,1)",520,8.72,3000000.0,Software,34,Baltimore,MD,88235.2941176
Surface Magazine,"new Date(2013,1,1)",526,8.63,3900000.0,Media,14,New York,NY,278571.428571
MojoTech,"new Date(2013,1,1)",527,8.62,2300000.0,Software,25,Providence,RI,92000.0
Axiom EPM,"new Date(2013,1,1)",545,8.34,15100000.0,Software,78,Portland,OR,193589.74359
Bizo,"new Date(2013,1,1)",552,8.19,22100000.0,Advertising & Marketing,81,San Francisco,CA,272839.506173
Red Spot Interactive,"new Date(2013,1,1)",554,8.18,3200000.0,Advertising & Marketing,50,Jupiter,FL,64000.0
Left Brain DGA,"new Date(2013,1,1)",561,8.01,4300000.0,Advertising & Marketing,17,Portola Valley,CA,252941.176471
SpringAhead,"new Date(2013,1,1)",567,7.96,3700000.0,Software,25,San Francisco,CA,148000.0
LocalResponse,"new Date(2013,1,1)",568,7.94,3900000.0,Advertising & Marketing,25,new york,NY,156000.0
ActivEngage,"new Date(2013,1,1)",570,7.91,6400000.0,Software,116,Orlando,FL,55172.4137931
Internet Marketing,"new Date(2013,1,1)",571,7.91,13700000.0,Advertising & Marketing,60,san diego,CA,228333.333333
Cradle Solution,"new Date(2013,1,1)",573,7.89,3100000.0,Software,19,Houston,TX,163157.894737
TruEffect,"new Date(2013,1,1)",574,7.88,15900000.0,Advertising & Marketing,56,Westminster,CO,283928.571429
Blue Global,"new Date(2013,1,1)",584,7.76,38200000.0,Advertising & Marketing,32,Scottsdale,AZ,1193750.0
Prodege,"new Date(2013,1,1)",586,7.74,35500000.0,Advertising & Marketing,65,El Segundo,CA,546153.846154
Fluent,"new Date(2013,1,1)",591,7.71,5800000.0,Advertising & Marketing,39,Boston,MA,148717.948718
Ads Direct Media,"new Date(2013,1,1)",597,7.68,45200000.0,Advertising & Marketing,20,Palm Beach Gardens,FL,2260000.0
EagleView Technologies,"new Date(2013,1,1)",600,7.65,48500000.0,Software,165,Bothell,WA,293939.393939
ONTRAPORT,"new Date(2013,1,1)",603,7.61,4700000.0,Software,42,Santa Barbara,CA,111904.761905
Zambezi,"new Date(2013,1,1)",604,7.61,13100000.0,Advertising & Marketing,61,Venice,CA,214754.098361
Visual Logic Group,"new Date(2013,1,1)",606,7.58,4500000.0,Software,13,Waterloo,IA,346153.846154
Skava,"new Date(2013,1,1)",614,7.48,10200000.0,Software,200,San Francisco,CA,51000.0
Elemental Technologies,"new Date(2013,1,1)",615,7.47,21100000.0,Software,98,Portland,OR,215306.122449
Technossus,"new Date(2013,1,1)",620,7.41,4700000.0,Software,13,Irvine,CA,361538.461538
Indigo BioSystems,"new Date(2013,1,1)",623,7.37,4900000.0,Software,38,Indianapolis,IN,128947.368421
Rich Dealers,"new Date(2013,1,1)",624,7.34,5700000.0,Advertising & Marketing,30,Orlando,FL,190000.0
FastSpring,"new Date(2013,1,1)",642,7.15,95400000.0,Software,20,Santa Barbara,CA,4770000.0
Autoshop Solutions,"new Date(2013,1,1)",647,7.09,2200000.0,Advertising & Marketing,23,Apex,NC,95652.173913
Substantial,"new Date(2013,1,1)",650,7.07,6400000.0,Software,47,Seattle,WA,136170.212766
Moguldom Media Group,"new Date(2013,1,1)",653,7.03,10000000.0,Media,47,Ft. Lauderdale,FL,212765.957447
Marin Software,"new Date(2013,1,1)",663,6.91,59600000.0,Software,424,San Francisco,CA,140566.037736
World Web Partners,"new Date(2013,1,1)",665,6.9,16400000.0,Advertising & Marketing,22,Plantation,FL,745454.545455
HubSpot,"new Date(2013,1,1)",666,6.9,52300000.0,Software,429,Cambridge,MA,121911.421911
Touchstorm,"new Date(2013,1,1)",669,6.84,6700000.0,Media,46,New York,NY,145652.173913
Murphy Turner Associates,"new Date(2013,1,1)",671,6.8,9000000.0,Advertising & Marketing,30,Austin,TX,300000.0
VinSolutions,"new Date(2013,1,1)",672,6.79,57300000.0,Software,350,Overland Park,KS,163714.285714
Slingshot SEO,"new Date(2013,1,1)",675,6.76,10300000.0,Advertising & Marketing,81,Indianapolis,IN,127160.493827
Suzanne Evans Coaching,"new Date(2013,1,1)",680,6.73,4300000.0,Advertising & Marketing,8,Murrells Inlet,SC,537500.0
BuyCalls,"new Date(2013,1,1)",684,6.68,4200000.0,Advertising & Marketing,6,Southern Pines,NC,700000.0
ColdLight,"new Date(2013,1,1)",685,6.68,3100000.0,Software,18,WAYNE,PA,172222.222222
Application Development Resources,"new Date(2013,1,1)",686,6.65,49500000.0,Software,200,Alpharetta,GA,247500.0
Interticket USA,"new Date(2013,1,1)",690,6.63,2100000.0,Advertising & Marketing,8,Irvine,CA,262500.0
ymarketing,"new Date(2013,1,1)",691,6.62,39700000.0,Advertising & Marketing,37,Costa Mesa,CA,1072972.97297
Code 42 Software,"new Date(2013,1,1)",693,6.61,26300000.0,Software,172,Minneapolis,MN,152906.976744
Blue Corona,"new Date(2013,1,1)",694,6.6,3000000.0,Advertising & Marketing,21,Gaithersburg,MD,142857.142857
Underground Elephant,"new Date(2013,1,1)",695,6.59,24400000.0,Advertising & Marketing,65,San Diego,CA,375384.615385
FLM,"new Date(2013,1,1)",696,6.58,7900000.0,Advertising & Marketing,37,Worthington,OH,213513.513514
Thrillist Media Group,"new Date(2013,1,1)",701,6.52,52500000.0,Media,200,New York,NY,262500.0
HubShout,"new Date(2013,1,1)",707,6.48,2500000.0,Advertising & Marketing,25,Falls Church,VA,100000.0
Smule,"new Date(2013,1,1)",708,6.45,10900000.0,Software,67,San Francisco,CA,162686.567164
Driven Local,"new Date(2013,1,1)",709,6.45,7500000.0,Advertising & Marketing,28,Melville,NY,267857.142857
Citizen,"new Date(2013,1,1)",710,6.45,12300000.0,Advertising & Marketing,32,Portland,OR,384375.0
Kareo,"new Date(2013,1,1)",720,6.41,19500000.0,Software,164,Irvine,CA,118902.439024
Netmark.com,"new Date(2013,1,1)",721,6.4,4800000.0,Advertising & Marketing,64,Idaho Falls,ID,75000.0
360 Cloud Solutions,"new Date(2013,1,1)",727,6.31,2200000.0,Software,25,Scottsdale,AZ,88000.0
Vector Media Group,"new Date(2013,1,1)",728,6.3,2100000.0,Advertising & Marketing,12,New York,NY,175000.0
SMS Masterminds,"new Date(2013,1,1)",731,6.29,2400000.0,Software,8,San Luis Obispo,CA,300000.0
Livestream,"new Date(2013,1,1)",750,6.13,18900000.0,Media,146,New York,NY,129452.054795
Tableau Software,"new Date(2013,1,1)",757,6.05,127700000.0,Software,834,Seatle,WA,153117.505995
Dynamit Technologies,"new Date(2013,1,1)",759,6.02,3500000.0,Software,35,Columbus,OH,100000.0
PaperG,"new Date(2013,1,1)",765,5.96,7100000.0,Advertising & Marketing,30,San Francisco,CA,236666.666667
Spigit,"new Date(2013,1,1)",772,5.91,17400000.0,Software,125,Pleasanton,CA,139200.0
Rise Interactive,"new Date(2013,1,1)",781,5.83,19500000.0,Advertising & Marketing,72,Chicago,IL,270833.333333
iStrategyLabs,"new Date(2013,1,1)",787,5.79,4100000.0,Advertising & Marketing,23,Washington,DC,178260.869565
Innovative Advertising,"new Date(2013,1,1)",804,5.61,11200000.0,Advertising & Marketing,20,Mandeville,LA,560000.0
Fingerpaint,"new Date(2013,1,1)",815,5.55,9500000.0,Advertising & Marketing,51,Saratoga Springs,NY,186274.509804
RevolutionEHR,"new Date(2013,1,1)",816,5.53,3500000.0,Software,22,Madison,WI,159090.909091
Black Mountain Systems,"new Date(2013,1,1)",820,5.52,12800000.0,Software,63,San Diego,CA,203174.603175
Dash Two,"new Date(2013,1,1)",822,5.47,4300000.0,Advertising & Marketing,8,Culver City,CA,537500.0
Mission3,"new Date(2013,1,1)",823,5.46,2100000.0,Software,12,Phoenix,AZ,175000.0
Proforma Powerhouse Solutions,"new Date(2013,1,1)",827,5.44,2100000.0,Advertising & Marketing,3,Brooklyn Park,MN,700000.0
Stage 4 Solutions,"new Date(2013,1,1)",829,5.41,4100000.0,Advertising & Marketing,31,Saratoga,CA,132258.064516
Launchpad Advertising,"new Date(2013,1,1)",830,5.4,6600000.0,Advertising & Marketing,40,New York,NY,165000.0
Netwrix,"new Date(2013,1,1)",831,5.39,7400000.0,Software,92,Irvine,CA,80434.7826087
Textbroker International,"new Date(2013,1,1)",836,5.34,7200000.0,Advertising & Marketing,47,Las Vegas,NV,153191.489362
ExclusiveCPA,"new Date(2013,1,1)",839,5.33,4100000.0,Advertising & Marketing,5,Kaukauna,WI,820000.0
Meers Advertising,"new Date(2013,1,1)",849,5.25,7100000.0,Advertising & Marketing,22,Kansas City,MO,322727.272727
MentorMate,"new Date(2013,1,1)",861,5.21,6900000.0,Software,161,Minneapolis,MN,42857.1428571
Mail Shark,"new Date(2013,1,1)",864,5.18,5400000.0,Advertising & Marketing,25,Mohnton,PA,216000.0
ChaiOne,"new Date(2013,1,1)",872,5.12,3400000.0,Software,31,Houston,TX,109677.419355
No Limit Agency,"new Date(2013,1,1)",874,5.08,2100000.0,Advertising & Marketing,21,Chicago,IL,100000.0
Jama Software,"new Date(2013,1,1)",878,5.07,8600000.0,Software,65,Portland,OR,132307.692308
LiveLook,"new Date(2013,1,1)",889,5.0,2600000.0,Software,13,Matawan,NJ,200000.0
Optimatic,"new Date(2013,1,1)",896,4.97,8700000.0,Advertising & Marketing,8,new york,NY,1087500.0
aimClear,"new Date(2013,1,1)",898,4.94,4200000.0,Advertising & Marketing,23,Duluth,MN,182608.695652
IMS Internet Media Services,"new Date(2013,1,1)",899,4.93,73200000.0,Advertising & Marketing,129,Miami,FL,567441.860465
OuterBox Solutions,"new Date(2013,1,1)",900,4.92,2100000.0,Advertising & Marketing,30,Akron,OH,70000.0
Footage Firm,"new Date(2013,1,1)",915,4.81,7500000.0,Media,14,Reston,VA,535714.285714
L2TMedia,"new Date(2013,1,1)",923,4.75,16300000.0,Advertising & Marketing,37,Evanston,IL,440540.540541
N2 Publishing,"new Date(2013,1,1)",924,4.74,21300000.0,Media,70,Wilmington,NC,304285.714286
Day Online Solutions,"new Date(2013,1,1)",925,4.72,2100000.0,Advertising & Marketing,2,New Albany,IN,1050000.0
Atlas RFID Solutions,"new Date(2013,1,1)",926,4.71,7200000.0,Software,35,Birmingham,AL,205714.285714
RateSpecial Interactive,"new Date(2013,1,1)",928,4.69,23900000.0,Advertising & Marketing,35,Pasadena,CA,682857.142857
Tanis Communications,"new Date(2013,1,1)",958,4.53,2100000.0,Advertising & Marketing,7,San Jose,CA,300000.0
Punchkick Interactive,"new Date(2013,1,1)",959,4.52,2000000.0,Advertising & Marketing,27,Chicago,IL,74074.0740741
8th Light,"new Date(2013,1,1)",962,4.5,6600000.0,Software,46,Libertyville,IL,143478.26087
Contact At Once!,"new Date(2013,1,1)",967,4.46,12300000.0,Software,80,Alpharetta,GA,153750.0
WebMarketing123,"new Date(2013,1,1)",970,4.45,7700000.0,Advertising & Marketing,34,Emeryville,CA,226470.588235
WillowTree Apps,"new Date(2013,1,1)",978,4.4,4000000.0,Software,41,Charlottesville,VA,97560.9756098
SEOmoz,"new Date(2013,1,1)",981,4.39,21900000.0,Software,103,Seattle,WA,212621.359223
Benztown,"new Date(2013,1,1)",983,4.38,2100000.0,Media,12,Burbank,CA,175000.0
Votigo,"new Date(2013,1,1)",993,4.33,4000000.0,Software,42,Boulder,CO,95238.0952381
Tier10,"new Date(2013,1,1)",999,4.3,12200000.0,Advertising & Marketing,53,Herndon,VA,230188.679245
IfByPhone,"new Date(2013,1,1)",1001,4.29,10900000.0,Advertising & Marketing,80,Chicago,IL,136250.0
Inspira Marketing Group,"new Date(2013,1,1)",1006,4.28,12400000.0,Advertising & Marketing,27,Norwalk,CT,459259.259259
Resolute Digital,"new Date(2013,1,1)",1010,4.26,7100000.0,Advertising & Marketing,28,New York,NY,253571.428571
Ignite Social Media,"new Date(2013,1,1)",1015,4.23,13100000.0,Advertising & Marketing,101,Cary,NC,129702.970297
Retail Radio,"new Date(2013,1,1)",1018,4.23,3100000.0,Advertising & Marketing,19,Citrus Heights,CA,163157.894737
Position Logic,"new Date(2013,1,1)",1029,4.15,4400000.0,Software,41,Naples,FL,107317.073171
CDYNE,"new Date(2013,1,1)",1030,4.14,5300000.0,Software,69,Chesapeake,VA,76811.5942029
uSamp,"new Date(2013,1,1)",1042,4.07,43700000.0,Software,205,Encino,CA,213170.731707
Curbed Media,"new Date(2013,1,1)",1048,4.06,5100000.0,Media,45,New York,NY,113333.333333
Richter10.2 Media Group,"new Date(2013,1,1)",1050,4.05,2500000.0,Advertising & Marketing,50,San Jose,CA,50000.0
Veracode,"new Date(2013,1,1)",1053,4.04,29400000.0,Software,205,Burlington,MA,143414.634146
OrgSync,"new Date(2013,1,1)",1059,4.0,2400000.0,Software,34,Dallas,TX,70588.2352941
DoublePositive,"new Date(2013,1,1)",1065,3.97,26200000.0,Advertising & Marketing,70,Baltimore,MD,374285.714286
Dionysus Consulting,"new Date(2013,1,1)",1067,3.96,3400000.0,Advertising & Marketing,22,West Islip,NY,154545.454545
Today's Growth Consultant,"new Date(2013,1,1)",1083,3.87,2400000.0,Advertising & Marketing,18,Minooka,IL,133333.333333
Blue Fountain Media,"new Date(2013,1,1)",1091,3.85,14200000.0,Advertising & Marketing,180,New York,NY,78888.8888889
Yashi,"new Date(2013,1,1)",1093,3.84,6400000.0,Advertising & Marketing,16,Toms River,NJ,400000.0
UpSurge Media Group,"new Date(2013,1,1)",1095,3.84,3600000.0,Advertising & Marketing,2,New York,NY,1800000.0
Buildium,"new Date(2013,1,1)",1098,3.83,5300000.0,Software,51,Boston,MA,103921.568627
Highwire Public Relations,"new Date(2013,1,1)",1103,3.8,4100000.0,Advertising & Marketing,23,San Francisco,CA,178260.869565
Streetwise Reports,"new Date(2013,1,1)",1114,3.77,4400000.0,Media,26,Petaluma,CA,169230.769231
Likeable Media,"new Date(2013,1,1)",1129,3.72,5000000.0,Advertising & Marketing,65,New York,NY,76923.0769231
DealerOn,"new Date(2013,1,1)",1130,3.71,6100000.0,Advertising & Marketing,36,Derwood,MD,169444.444444
Mobifusion,"new Date(2013,1,1)",1131,3.71,8100000.0,Software,49,Fremont,CA,165306.122449
Sphere Consulting,"new Date(2013,1,1)",1137,3.68,6200000.0,Software,100,Chicago,IL,62000.0
Exinda,"new Date(2013,1,1)",1139,3.67,26600000.0,Software,118,Boston,MA,225423.728814
Lextech Global Services,"new Date(2013,1,1)",1145,3.65,6000000.0,Software,30,Lisle,IL,200000.0
FindMyCompany.com,"new Date(2013,1,1)",1150,3.63,2000000.0,Advertising & Marketing,30,Austin,TX,66666.6666667
Formstack,"new Date(2013,1,1)",1151,3.63,2500000.0,Software,20,Indianapolis,IN,125000.0
ShopAtHome.com,"new Date(2013,1,1)",1155,3.63,77500000.0,Advertising & Marketing,128,Greenwood Villiage,CO,605468.75
ebQuickstart,"new Date(2013,1,1)",1158,3.62,5300000.0,Advertising & Marketing,55,Austin,TX,96363.6363636
Spruce Media,"new Date(2013,1,1)",1172,3.59,37200000.0,Advertising & Marketing,65,San Francisco,CA,572307.692308
Victory Marketing Agency,"new Date(2013,1,1)",1179,3.57,2200000.0,Advertising & Marketing,10,Fort Myers,FL,220000.0
Sub Rosa,"new Date(2013,1,1)",1181,3.56,9500000.0,Advertising & Marketing,28,New York,NY,339285.714286
Revenue Universe,"new Date(2013,1,1)",1191,3.51,8000000.0,Advertising & Marketing,4,Los Angeles,CA,2000000.0
Triton Digital,"new Date(2013,1,1)",1197,3.49,43300000.0,Advertising & Marketing,270,Sherman Oaks,CA,160370.37037
DevBridge,"new Date(2013,1,1)",1199,3.48,2300000.0,Software,50,Chicago,IL,46000.0
Trepoint,"new Date(2013,1,1)",1210,3.43,4300000.0,Advertising & Marketing,15,Great Neck,NY,286666.666667
Delta Defense,"new Date(2013,1,1)",1217,3.41,10500000.0,Media,29,Jackson,WI,362068.965517
Sales Engine International,"new Date(2013,1,1)",1223,3.38,3700000.0,Advertising & Marketing,28,Austin,TX,132142.857143
SkillSurvey,"new Date(2013,1,1)",1236,3.34,10300000.0,Software,51,Wayne,PA,201960.784314
The Nerdery,"new Date(2013,1,1)",1240,3.32,37200000.0,Software,440,Minneapolis,MN,84545.4545455
BigCommerce,"new Date(2013,1,1)",1241,3.32,11800000.0,Software,172,Austin,TX,68604.6511628
Miva Merchant,"new Date(2013,1,1)",1249,3.3,9100000.0,Software,78,San Diego,CA,116666.666667
Search Influence,"new Date(2013,1,1)",1272,3.21,4600000.0,Advertising & Marketing,47,New Orleans,LA,97872.3404255
Team Velocity Marketing,"new Date(2013,1,1)",1285,3.17,38400000.0,Advertising & Marketing,87,Herndon,VA,441379.310345
Total Beauty Media Group,"new Date(2013,1,1)",1286,3.17,8400000.0,Media,35,Santa Monica,CA,240000.0
Madison Logic,"new Date(2013,1,1)",1293,3.14,14900000.0,Advertising & Marketing,51,New York,NY,292156.862745
Resonate,"new Date(2013,1,1)",1302,3.12,16800000.0,Advertising & Marketing,79,Reston,VA,212658.227848
Chenal Brands,"new Date(2013,1,1)",1304,3.12,109200000.0,Media,356,Los Angeles,CA,306741.573034
Kentico Software,"new Date(2013,1,1)",1314,3.07,4400000.0,Software,11,Nashua,NH,400000.0
Telogis,"new Date(2013,1,1)",1319,3.07,69400000.0,Software,370,Aliso Viejo,CA,187567.567568
Edvisors,"new Date(2013,1,1)",1321,3.07,10500000.0,Advertising & Marketing,28,Quincy,MA,375000.0
Procore Technologies,"new Date(2013,1,1)",1335,3.02,4800000.0,Software,31,Santa Barbara,CA,154838.709677
G3 Communications,"new Date(2013,1,1)",1340,3.01,2300000.0,Advertising & Marketing,15,Hasbrouck Heights,NJ,153333.333333
Pyxl,"new Date(2013,1,1)",1345,2.99,2800000.0,Advertising & Marketing,22,Knoxville,TN,127272.727273
Copious,"new Date(2013,1,1)",1348,2.99,2600000.0,Advertising & Marketing,17,Portland,OR,152941.176471
Authenticom,"new Date(2013,1,1)",1353,2.98,12100000.0,Software,85,La Crosse,WI,142352.941176
Elite SEM,"new Date(2013,1,1)",1357,2.98,10300000.0,Advertising & Marketing,40,Gladwyne,PA,257500.0
MINDBODY,"new Date(2013,1,1)",1358,2.98,32500000.0,Software,497,San Louis Obispo,CA,65392.3541247
Tiempo Development,"new Date(2013,1,1)",1367,2.96,7700000.0,Software,202,Phoenix,AZ,38118.8118812
Impelsys,"new Date(2013,1,1)",1371,2.94,12900000.0,Software,220,New York,NY,58636.3636364
Scorpion Design,"new Date(2013,1,1)",1393,2.89,19600000.0,Advertising & Marketing,97,Valencia,CA,202061.85567
OrecX,"new Date(2013,1,1)",1396,2.88,2100000.0,Software,11,Chicago,IL,190909.090909
Target Data,"new Date(2013,1,1)",1401,2.87,3200000.0,Advertising & Marketing,14,Chicago,IL,228571.428571
Media6Degrees,"new Date(2013,1,1)",1423,2.82,36700000.0,Advertising & Marketing,87,New York,NY,421839.08046
LogFire,"new Date(2013,1,1)",1425,2.81,7200000.0,Software,75,Atlanta,GA,96000.0
Unitrends,"new Date(2013,1,1)",1427,2.81,28500000.0,Software,159,Columbia,SC,179245.283019
Chrome River Technologies,"new Date(2013,1,1)",1429,2.81,9300000.0,Software,69,Los Angeles,CA,134782.608696
Bruce Clay,"new Date(2013,1,1)",1433,2.8,13500000.0,Advertising & Marketing,90,Moorpark,CA,150000.0
Powersports Marketing,"new Date(2013,1,1)",1435,2.8,2400000.0,Advertising & Marketing,17,Peachtree City,GA,141176.470588
Royal Buying Group,"new Date(2013,1,1)",1444,2.78,356800000.0,Advertising & Marketing,63,Lisle,IL,5663492.06349
Harmonia,"new Date(2013,1,1)",1446,2.78,8100000.0,Software,82,Blacksburg,VA,98780.4878049
Acumen,"new Date(2013,1,1)",1449,2.77,5900000.0,Software,15,Austin,TX,393333.333333
Four Winds Interactive,"new Date(2013,1,1)",1453,2.76,40300000.0,Software,250,Denver,CO,161200.0
Consultants 2 Go,"new Date(2013,1,1)",1459,2.74,4400000.0,Advertising & Marketing,48,Newark,NJ,91666.6666667
Copperfox Marketing,"new Date(2013,1,1)",1460,2.74,2100000.0,Advertising & Marketing,17,Cincinnati,OH,123529.411765
Dignitas Technologies,"new Date(2013,1,1)",1462,2.73,6400000.0,Software,35,Orlando,FL,182857.142857
Argo Marketing Group,"new Date(2013,1,1)",1467,2.72,4100000.0,Advertising & Marketing,180,Lewiston,ME,22777.7777778
Synerzip,"new Date(2013,1,1)",1468,2.71,10400000.0,Software,253,Dallas,TX,41106.7193676
Hightail,"new Date(2013,1,1)",1472,2.71,57300000.0,Software,207,Campbell,CA,276811.594203
All Terrain,"new Date(2013,1,1)",1479,2.7,9000000.0,Advertising & Marketing,31,Chicago,IL,290322.580645
Walker Sands Communications,"new Date(2013,1,1)",1483,2.69,2900000.0,Advertising & Marketing,40,Chicago,IL,72500.0
Vertical Direct Marketing Group,"new Date(2013,1,1)",1489,2.68,2500000.0,Advertising & Marketing,27,San Diego,CA,92592.5925926
Z Brand Group,"new Date(2013,1,1)",1494,2.67,3100000.0,Advertising & Marketing,15,Pittsburgh,PA,206666.666667
Aquarius Sports and Entertainment,"new Date(2013,1,1)",1495,2.67,6500000.0,Advertising & Marketing,7,Gaithersburg,MD,928571.428571
Campus Special,"new Date(2013,1,1)",1501,2.65,13500000.0,Advertising & Marketing,50,Duluth,GA,270000.0
AdCorp Media Group,"new Date(2013,1,1)",1503,2.65,6800000.0,Advertising & Marketing,38,IRVINGTON,NY,178947.368421
TriMark Digital,"new Date(2013,1,1)",1519,2.63,5900000.0,Advertising & Marketing,22,Raleigh,NC,268181.818182
BlackLine Systems,"new Date(2013,1,1)",1520,2.62,25100000.0,Software,145,Los Angeles,CA,173103.448276
One Click Ventures,"new Date(2013,1,1)",1524,2.61,7400000.0,Media,47,Greenwood,IN,157446.808511
Arke,"new Date(2013,1,1)",1527,2.61,5300000.0,Advertising & Marketing,50,Atlanta,GA,106000.0
Detroit Trading,"new Date(2013,1,1)",1528,2.61,14300000.0,Advertising & Marketing,21,Southfield,MI,680952.380952
VLG Advertising,"new Date(2013,1,1)",1531,2.6,5600000.0,Advertising & Marketing,34,Plano,TX,164705.882353
DEG,"new Date(2013,1,1)",1535,2.6,14500000.0,Advertising & Marketing,109,Overland Park,KS,133027.522936
Qualifacts Systems,"new Date(2013,1,1)",1546,2.57,13700000.0,Software,107,Nashville,TN,128037.383178
Bridge360,"new Date(2013,1,1)",1549,2.57,6400000.0,Software,61,Austin,TX,104918.032787
Dealer.com,"new Date(2013,1,1)",1551,2.57,182600000.0,Advertising & Marketing,697,Burlington,VT,261979.913917
ClearLink,"new Date(2013,1,1)",1557,2.55,96100000.0,Advertising & Marketing,863,Salt Lake City,UT,111355.735805
ModiFace,"new Date(2013,1,1)",1559,2.55,2100000.0,Software,25,New York,NY,84000.0
KSC Kreate,"new Date(2013,1,1)",1560,2.55,39100000.0,Advertising & Marketing,100,Hollywood,FL,391000.0
Levementum,"new Date(2013,1,1)",1563,2.54,7500000.0,Software,48,Chandler,AZ,156250.0
Droga5,"new Date(2013,1,1)",1565,2.54,67300000.0,Advertising & Marketing,250,New York,NY,269200.0
Percona,"new Date(2013,1,1)",1566,2.53,9300000.0,Software,73,Pleasanton,CA,127397.260274
WrightIMC,"new Date(2013,1,1)",1571,2.53,2100000.0,Advertising & Marketing,35,Plano,TX,60000.0
HEALTHCAREfirst,"new Date(2013,1,1)",1573,2.52,22400000.0,Software,133,Ozark,MO,168421.052632
Queen of Wraps,"new Date(2013,1,1)",1588,2.5,2800000.0,Advertising & Marketing,32,Salt Lake City,UT,87500.0
Motionsoft,"new Date(2013,1,1)",1591,2.49,16600000.0,Software,79,Rockville,MD,210126.582278
Optimal Strategix Group,"new Date(2013,1,1)",1596,2.48,10900000.0,Advertising & Marketing,75,Newtown,PA,145333.333333
Truenorthlogic,"new Date(2013,1,1)",1600,2.48,12200000.0,Software,67,Sandy,UT,182089.552239
Enter:Marketing,"new Date(2013,1,1)",1609,2.47,6500000.0,Advertising & Marketing,35,New York,NY,185714.285714
Internet Creations,"new Date(2013,1,1)",1616,2.45,2300000.0,Software,16,Hamilton,NJ,143750.0
CodeLynx,"new Date(2013,1,1)",1625,2.42,3100000.0,Software,32,North Charleston,SC,96875.0
SocialRadius,"new Date(2013,1,1)",1626,2.41,2300000.0,Advertising & Marketing,11,Las Vegas,NV,209090.909091
AvePoint,"new Date(2013,1,1)",1630,2.41,62000000.0,Software,1287,Jersey City,NJ,48174.048174
Transform Software & Services,"new Date(2013,1,1)",1632,2.4,7400000.0,Software,33,Littleton,CO,224242.424242
Mavice,"new Date(2013,1,1)",1633,2.4,2700000.0,Software,10,Santa Monica,CA,270000.0
AdSupply,"new Date(2013,1,1)",1634,2.39,8300000.0,Advertising & Marketing,25,Culver City,CA,332000.0
StrikeIron,"new Date(2013,1,1)",1652,2.36,5200000.0,Software,34,Cary,NC,152941.176471
Higher Logic,"new Date(2013,1,1)",1653,2.36,6000000.0,Software,,Washington,DC,null
Riser,"new Date(2013,1,1)",1657,2.35,2100000.0,Advertising & Marketing,16,Pleasant Grove,UT,131250.0
KPI Direct,"new Date(2013,1,1)",1663,2.34,2600000.0,Advertising & Marketing,20,Portland,ME,130000.0
Brightree,"new Date(2013,1,1)",1665,2.34,58000000.0,Software,413,Lawrenceville,GA,140435.835351
ZeOmega,"new Date(2013,1,1)",1678,2.32,17000000.0,Software,280,Frisco,TX,60714.2857143
Dimagi,"new Date(2013,1,1)",1693,2.29,3800000.0,Software,32,Cambridge,MA,118750.0
Bronto Software,"new Date(2013,1,1)",1702,2.28,21600000.0,Software,152,Durham,NC,142105.263158
MKG,"new Date(2013,1,1)",1706,2.27,20900000.0,Advertising & Marketing,41,New York,NY,509756.097561
Volume 9,"new Date(2013,1,1)",1707,2.27,3300000.0,Advertising & Marketing,35,Denver,CO,94285.7142857
Location Labs,"new Date(2013,1,1)",1711,2.27,25800000.0,Software,168,Emeryville,CA,153571.428571
Appia,"new Date(2013,1,1)",1715,2.26,10400000.0,Advertising & Marketing,51,Durham,NC,203921.568627
Web Decisions,"new Date(2013,1,1)",1724,2.25,5400000.0,Advertising & Marketing,35,Greensboro,NC,154285.714286
Liberty Alliance,"new Date(2013,1,1)",1726,2.25,7500000.0,Media,24,Powder Springs,GA,312500.0
Derflan,"new Date(2013,1,1)",1731,2.24,8300000.0,Advertising & Marketing,65,Delray Beach,FL,127692.307692
SurveyMonkey,"new Date(2013,1,1)",1734,2.23,112800000.0,Software,211,Palo Alto,CA,534597.156398
Blue Vase Marketing,"new Date(2013,1,1)",1736,2.22,6100000.0,Advertising & Marketing,94,Beverly,MA,64893.6170213
Airbiquity,"new Date(2013,1,1)",1746,2.21,22400000.0,Software,100,Seattle,WA,224000.0
Q1Media,"new Date(2013,1,1)",1748,2.21,12300000.0,Advertising & Marketing,27,Austin,TX,455555.555556
Main Event Merchandise Group,"new Date(2013,1,1)",1751,2.2,7700000.0,Advertising & Marketing,25,Indianapolis,IN,308000.0
iNET Interactive,"new Date(2013,1,1)",1752,2.2,14100000.0,Media,48,West Chester,OH,293750.0
Confio Software,"new Date(2013,1,1)",1756,2.19,14300000.0,Software,58,Boulder,CO,246551.724138
AccessData Group,"new Date(2013,1,1)",1757,2.19,90000000.0,Software,519,Lindon,UT,173410.404624
BrightWave Marketing,"new Date(2013,1,1)",1762,2.18,2800000.0,Advertising & Marketing,20,Atlanta,GA,140000.0
Click Rain,"new Date(2013,1,1)",1763,2.18,2100000.0,Advertising & Marketing,16,Sioux Falls,SD,131250.0
ConsumerBase,"new Date(2013,1,1)",1764,2.18,6800000.0,Advertising & Marketing,70,Evanston,IL,97142.8571429
InkHouse,"new Date(2013,1,1)",1766,2.18,4700000.0,Media,33,Waltham,MA,142424.242424
T.O.P. Marketing Group,"new Date(2013,1,1)",1771,2.17,5500000.0,Advertising & Marketing,13,Singer Island,FL,423076.923077
SonicPrint.com,"new Date(2013,1,1)",1796,2.14,5000000.0,Advertising & Marketing,26,Tampa,FL,192307.692308
Five9,"new Date(2013,1,1)",1809,2.12,64000000.0,Software,444,San Ramon,CA,144144.144144
MD Connect,"new Date(2013,1,1)",1813,2.11,2200000.0,Advertising & Marketing,6,Wellesley,MA,366666.666667
Solution Street,"new Date(2013,1,1)",1816,2.11,5200000.0,Software,21,Herndon,VA,247619.047619
Etouches,"new Date(2013,1,1)",1821,2.1,5800000.0,Software,65,Norwalk,CT,89230.7692308
BigMachines,"new Date(2013,1,1)",1822,2.1,58000000.0,Software,354,Deerfield,IL,163841.80791
Rally Software Development,"new Date(2013,1,1)",1825,2.09,56800000.0,Software,360,Boulder,CO,157777.777778
MyWebGrocer,"new Date(2013,1,1)",1834,2.09,36400000.0,Software,171,Winooski,VT,212865.497076
Gigamon,"new Date(2013,1,1)",1839,2.08,96700000.0,Software,288,Milpitas,CA,335763.888889
Prism Marketing,"new Date(2013,1,1)",1851,2.06,3100000.0,Advertising & Marketing,14,New Albany,OH,221428.571429
Ink Studios,"new Date(2013,1,1)",1852,2.06,5700000.0,Advertising & Marketing,32,Irvine,CA,178125.0
3DCart,"new Date(2013,1,1)",1860,2.05,9900000.0,Software,67,Tamarac,FL,147761.19403
CallCopy,"new Date(2013,1,1)",1880,2.03,15600000.0,Software,127,Columbus,OH,122834.645669
Force Marketing,"new Date(2013,1,1)",1881,2.03,19100000.0,Advertising & Marketing,53,Atlanta,GA,360377.358491
BAIR Analytics,"new Date(2013,1,1)",1884,2.02,4600000.0,Software,30,Highlands Ranch,CO,153333.333333
Max Borges Agency,"new Date(2013,1,1)",1887,2.02,7400000.0,Advertising & Marketing,43,Miami,FL,172093.023256
Invenio Solutions,"new Date(2013,1,1)",1888,2.01,36700000.0,Advertising & Marketing,450,Austin,TX,81555.5555556
Rimm-Kaufman Group,"new Date(2013,1,1)",1889,2.01,15100000.0,Advertising & Marketing,131,Charlottesville,VA,115267.175573
WebMetro,"new Date(2013,1,1)",1898,2.0,37200000.0,Advertising & Marketing,90,San Dimas,CA,413333.333333
Dealer Car Search,"new Date(2013,1,1)",1918,1.97,7600000.0,Advertising & Marketing,50,Louisville,KY,152000.0
Advent,"new Date(2013,1,1)",1922,1.97,9600000.0,Advertising & Marketing,48,Nashville,TN,200000.0
Warecorp,"new Date(2013,1,1)",1928,1.96,2800000.0,Software,95,Minneapolis,MN,29473.6842105
The Sales Factory,"new Date(2013,1,1)",1931,1.96,5200000.0,Advertising & Marketing,30,Greensboro,NC,173333.333333
The Asylum,"new Date(2013,1,1)",1932,1.96,16200000.0,Media,28,Burbank,CA,578571.428571
BlueToad,"new Date(2013,1,1)",1936,1.95,4300000.0,Software,33,Orlando,FL,130303.030303
AppNeta,"new Date(2013,1,1)",1943,1.95,7200000.0,Software,144,Boston,MA,50000.0
SEO.com,"new Date(2013,1,1)",1948,1.94,8800000.0,Advertising & Marketing,85,Draper,UT,103529.411765
BizNet Software,"new Date(2013,1,1)",1953,1.94,5200000.0,Software,32,Dallas,TX,162500.0
Pure Marketing Group,"new Date(2013,1,1)",1955,1.93,3900000.0,Advertising & Marketing,11,Alpharetta,GA,354545.454545
Exhibit Options,"new Date(2013,1,1)",1962,1.93,2800000.0,Advertising & Marketing,13,Santa Fe Springs,CA,215384.615385
Integrated Media Solutions,"new Date(2013,1,1)",1966,1.92,12500000.0,Media,48,Manalapan,NJ,260416.666667
Levelwing,"new Date(2013,1,1)",1971,1.92,50400000.0,Advertising & Marketing,46,Charleston,SC,1095652.17391
Olson,"new Date(2013,1,1)",1972,1.91,90700000.0,Advertising & Marketing,350,Minneapolis,MN,259142.857143
Mindscape at Hanon McKendry,"new Date(2013,1,1)",1973,1.91,2900000.0,Advertising & Marketing,26,Grand Rapids,MI,111538.461538
LinkTech Worldwide,"new Date(2013,1,1)",1975,1.9,10900000.0,Advertising & Marketing,181,Beverly Hills,CA,60220.9944751
Neolane,"new Date(2013,1,1)",1980,1.9,57700000.0,Software,282,Newton,MA,204609.929078
Pedigree Technologies,"new Date(2013,1,1)",1984,1.89,5800000.0,Software,50,Fargo,ND,116000.0
iPipeline,"new Date(2013,1,1)",2000,1.87,48600000.0,Software,352,Exton,PA,138068.181818
PrizeLogic,"new Date(2013,1,1)",2001,1.87,13600000.0,Advertising & Marketing,110,Southfield,MI,123636.363636
Centare,"new Date(2013,1,1)",2002,1.87,12700000.0,Software,98,Brookfield,WI,129591.836735
Open Dental Software,"new Date(2013,1,1)",2007,1.87,3100000.0,Software,35,Salem,OR,88571.4285714
Jackrabbit Technologies,"new Date(2013,1,1)",2017,1.85,4200000.0,Software,30,Huntersville,NC,140000.0
Akers Media Group,"new Date(2013,1,1)",2021,1.85,2400000.0,Media,19,Leesburg,FL,126315.789474
Velocify,"new Date(2013,1,1)",2023,1.85,18500000.0,Software,95,El Segundo,CA,194736.842105
Best Rate Referrals,"new Date(2013,1,1)",2026,1.85,7600000.0,Advertising & Marketing,35,Las Vegas,NV,217142.857143
Point It,"new Date(2013,1,1)",2029,1.84,3200000.0,Advertising & Marketing,21,Seattle,WA,152380.952381
Inflection,"new Date(2013,1,1)",2030,1.84,53700000.0,Software,109,Redwood City,CA,492660.550459
Alpha Marketing,"new Date(2013,1,1)",2031,1.84,3800000.0,Advertising & Marketing,18,Raleigh,NC,211111.111111
Sonic Boom Wellness,"new Date(2013,1,1)",2040,1.83,2200000.0,Software,24,Carlsbad,CA,91666.6666667
Breakthrough Technologies,"new Date(2013,1,1)",2049,1.82,5200000.0,Software,31,Evanston,IL,167741.935484
Teknicks,"new Date(2013,1,1)",2051,1.82,2500000.0,Advertising & Marketing,15,Bay Head,NJ,166666.666667
MD On-Line,"new Date(2013,1,1)",2052,1.82,27500000.0,Software,240,Parsippany,NJ,114583.333333
SimVentions,"new Date(2013,1,1)",2062,1.81,18700000.0,Software,107,Fredericksburg,VA,174766.35514
Entrance Software,"new Date(2013,1,1)",2064,1.81,5400000.0,Software,35,Houston,TX,154285.714286
Proforma Progressive Marketing,"new Date(2013,1,1)",2085,1.79,2900000.0,Advertising & Marketing,6,Bakersfield,CA,483333.333333
Gragg Advertising,"new Date(2013,1,1)",2086,1.79,42700000.0,Advertising & Marketing,66,Kansas City,MO,646969.69697
React2Media,"new Date(2013,1,1)",2089,1.78,5600000.0,Advertising & Marketing,15,New York,NY,373333.333333
Mom Central Consulting,"new Date(2013,1,1)",2094,1.78,5800000.0,Advertising & Marketing,30,Newton,MA,193333.333333
Net Atlantic,"new Date(2013,1,1)",2097,1.78,9300000.0,Advertising & Marketing,39,Salem,MA,238461.538462
Faction Media,"new Date(2013,1,1)",2105,1.77,8100000.0,Advertising & Marketing,46,Denver,CO,176086.956522
Simplicity Consulting,"new Date(2013,1,1)",2106,1.77,21200000.0,Advertising & Marketing,154,Kirkland,WA,137662.337662
Retail Solutions,"new Date(2013,1,1)",2111,1.77,37300000.0,Software,281,Mountain View,CA,132740.213523
Succeed Management Solutions,"new Date(2013,1,1)",2133,1.74,2600000.0,Software,25,Wilsonville,OR,104000.0
Wovenware,"new Date(2013,1,1)",2140,1.73,2300000.0,Software,29,San Juan,PR,79310.3448276
DataSong,"new Date(2013,1,1)",2141,1.73,4300000.0,Advertising & Marketing,45,San Francisco,CA,95555.5555556
Infuse Medical,"new Date(2013,1,1)",2143,1.73,5300000.0,Advertising & Marketing,37,Lehi,UT,143243.243243
Nebo Agency,"new Date(2013,1,1)",2151,1.73,4600000.0,Advertising & Marketing,40,Atlanta,GA,115000.0
206inc,"new Date(2013,1,1)",2164,1.71,14000000.0,Advertising & Marketing,37,Seattle,WA,378378.378378
Somnio Solutions,"new Date(2013,1,1)",2170,1.71,6600000.0,Advertising & Marketing,42,Austin,TX,157142.857143
CITYTECH,"new Date(2013,1,1)",2171,1.7,12300000.0,Software,65,Chicago,IL,189230.769231
RICS Software,"new Date(2013,1,1)",2177,1.7,3400000.0,Software,42,Indianapolis,IN,80952.3809524
GetResponse,"new Date(2013,1,1)",2183,1.69,5000000.0,Advertising & Marketing,173,Wilmington,DE,28901.734104
Spire Communications,"new Date(2013,1,1)",2193,1.68,2900000.0,Advertising & Marketing,16,Alexandria,VA,181250.0
Appointment-Plus,"new Date(2013,1,1)",2199,1.68,4700000.0,Software,58,Scottsdale,AZ,81034.4827586
Anthem Marketing Solutions,"new Date(2013,1,1)",2205,1.68,3400000.0,Advertising & Marketing,25,Chicago,IL,136000.0
inVNT,"new Date(2013,1,1)",2209,1.67,25500000.0,Advertising & Marketing,44,New York,NY,579545.454545
eMaint Enterprises,"new Date(2013,1,1)",2215,1.67,5800000.0,Software,36,Marlton,NJ,161111.111111
Globo Mobile,"new Date(2013,1,1)",2218,1.67,4500000.0,Software,320,New York,NY,14062.5
The Pedowitz Group,"new Date(2013,1,1)",2225,1.66,8600000.0,Advertising & Marketing,51,Alpharetta,GA,168627.45098
PowerDMS,"new Date(2013,1,1)",2226,1.66,4500000.0,Software,38,Orlando,FL,118421.052632
ControlCase,"new Date(2013,1,1)",2237,1.65,5400000.0,Software,90,McLean,VA,60000.0
ABIS,"new Date(2013,1,1)",2240,1.65,2000000.0,Software,8,Houston,TX,250000.0
Nina Hale,"new Date(2013,1,1)",2244,1.64,3500000.0,Advertising & Marketing,32,Minneapolis,MN,109375.0
San Diego Sign Company,"new Date(2013,1,1)",2245,1.64,15500000.0,Advertising & Marketing,91,Carlsbad,CA,170329.67033
Equus Software,"new Date(2013,1,1)",2255,1.63,9800000.0,Software,38,Denver,CO,257894.736842
Cvent,"new Date(2013,1,1)",2261,1.62,83500000.0,Software,1300,Mclean,VA,64230.7692308
ExtensionEngine,"new Date(2013,1,1)",2264,1.62,5200000.0,Software,110,Cambridge,MA,47272.7272727
Gatesman Dave,"new Date(2013,1,1)",2272,1.61,17300000.0,Advertising & Marketing,38,Pittsburgh,PA,455263.157895
Groove Commerce,"new Date(2013,1,1)",2276,1.61,2300000.0,Advertising & Marketing,26,Baltimore,MD,88461.5384615
"Sigma (Oradell, NJ)","new Date(2013,1,1)",2277,1.6,28000000.0,Advertising & Marketing,55,Oradell,NJ,509090.909091
Celerant Technology,"new Date(2013,1,1)",2280,1.6,18200000.0,Software,80,Staten Island,NY,227500.0
CMDI,"new Date(2013,1,1)",2288,1.6,12400000.0,Software,52,Tysons Corner,VA,238461.538462
PatientLink Enterprises,"new Date(2013,1,1)",2293,1.59,2600000.0,Software,13,Oklahoma City,OK,200000.0
The Starr Conspiracy,"new Date(2013,1,1)",2295,1.59,3800000.0,Advertising & Marketing,32,Fort Worth,TX,118750.0
Infusionsoft,"new Date(2013,1,1)",2296,1.59,39000000.0,Software,360,Chandler,AZ,108333.333333
Strategic Marketing,"new Date(2013,1,1)",2301,1.58,2700000.0,Advertising & Marketing,28,Milwuakie,OR,96428.5714286
ClickMail Marketing,"new Date(2013,1,1)",2304,1.58,5600000.0,Advertising & Marketing,18,San MAteo,CA,311111.111111
AirSage,"new Date(2013,1,1)",2309,1.58,5000000.0,Software,28,Atlanta,GA,178571.428571
BubbleUp,"new Date(2013,1,1)",2315,1.57,6100000.0,Advertising & Marketing,35,The Woodlands,TX,174285.714286
Genuine Interactive,"new Date(2013,1,1)",2316,1.57,13000000.0,Advertising & Marketing,80,Boston,MA,162500.0
Sweet Spot Marketing,"new Date(2013,1,1)",2343,1.55,2200000.0,Advertising & Marketing,12,overland park,KS,183333.333333
Diablo Media,"new Date(2013,1,1)",2357,1.54,24300000.0,Advertising & Marketing,22,Denver,CO,1104545.45455
Exclusive Concepts,"new Date(2013,1,1)",2361,1.53,5100000.0,Advertising & Marketing,31,Burlington,MA,164516.129032
True Media,"new Date(2013,1,1)",2366,1.53,35800000.0,Advertising & Marketing,52,Columbia,MO,688461.538462
DiGennaro Communications,"new Date(2013,1,1)",2372,1.52,4700000.0,Advertising & Marketing,32,New York,NY,146875.0
Response Marketing,"new Date(2013,1,1)",2376,1.52,2300000.0,Advertising & Marketing,19,New Haven,CT,121052.631579
Nitro,"new Date(2013,1,1)",2386,1.51,15500000.0,Software,85,San Francisco,CA,182352.941176
ShipCompliant,"new Date(2013,1,1)",2391,1.51,5400000.0,Software,31,Boulder,CO,174193.548387
Rain,"new Date(2013,1,1)",2399,1.51,10700000.0,Advertising & Marketing,74,New York,NY,144594.594595
Sullivan,"new Date(2013,1,1)",2405,1.5,9900000.0,Advertising & Marketing,63,New York,NY,157142.857143
RFID Global Solution,"new Date(2013,1,1)",2411,1.5,5600000.0,Software,20,Reston,VA,280000.0
Attack!,"new Date(2013,1,1)",2412,1.5,8800000.0,Advertising & Marketing,55,San Francisco,CA,160000.0
Left Field Labs,"new Date(2013,1,1)",2418,1.49,2300000.0,Advertising & Marketing,8,Venice,CA,287500.0
Giant Partners,"new Date(2013,1,1)",2423,1.49,6600000.0,Advertising & Marketing,55,Westlake Village,CA,120000.0
Redtail Technology,"new Date(2013,1,1)",2425,1.49,5900000.0,Software,44,Gold River,CA,134090.909091
Bridgevine,"new Date(2013,1,1)",2428,1.49,54000000.0,Advertising & Marketing,100,Vero Beach,FL,540000.0
Kyriba,"new Date(2013,1,1)",2438,1.48,29400000.0,Software,260,San Diego,CA,113076.923077
AmeriCommerce,"new Date(2013,1,1)",2439,1.48,2800000.0,Software,27,Beaumont,TX,103703.703704
Proforma GPS Global Promotional Sourcing,"new Date(2013,1,1)",2442,1.48,5400000.0,Advertising & Marketing,7,Las Vegas,NV,771428.571429
Hot Studio,"new Date(2013,1,1)",2444,1.47,15600000.0,Advertising & Marketing,71,San Francisco,CA,219718.309859
Smarsh,"new Date(2013,1,1)",2455,1.46,26800000.0,Software,145,Portland,OR,184827.586207
Taphandles,"new Date(2013,1,1)",2457,1.46,21200000.0,Advertising & Marketing,484,seattle,WA,43801.6528926
Centro,"new Date(2013,1,1)",2462,1.45,185500000.0,Advertising & Marketing,271,Chicago,IL,684501.845018
Infutor Data Solutions,"new Date(2013,1,1)",2470,1.45,18500000.0,Advertising & Marketing,53,Plainfield,IL,349056.603774
rEvolution,"new Date(2013,1,1)",2474,1.45,26600000.0,Advertising & Marketing,70,Chicago,IL,380000.0
Salesify,"new Date(2013,1,1)",2476,1.45,5900000.0,Advertising & Marketing,352,Redwood City,CA,16761.3636364
Intelligent Software Solutions,"new Date(2013,1,1)",2482,1.44,192300000.0,Software,758,Colorado Springs,CO,253693.931398
Triad Retail Media,"new Date(2013,1,1)",2485,1.43,171300000.0,Advertising & Marketing,289,Tampa,FL,592733.564014
Hard Dollar,"new Date(2013,1,1)",2487,1.43,11800000.0,Software,56,Scottsdale,AZ,210714.285714
OppSource,"new Date(2013,1,1)",2490,1.42,2800000.0,Advertising & Marketing,29,St. Paul,MN,96551.7241379
Hooah,"new Date(2013,1,1)",2523,1.41,5000000.0,Advertising & Marketing,10,Winter Park,FL,500000.0
Spectrio,"new Date(2013,1,1)",2527,1.4,15400000.0,Advertising & Marketing,68,Oldsmar,FL,226470.588235
Orchestro,"new Date(2013,1,1)",2547,1.39,8400000.0,Software,50,McLean,VA,168000.0
Republica,"new Date(2013,1,1)",2558,1.38,10700000.0,Advertising & Marketing,67,Miami,FL,159701.492537
EverySport.net,"new Date(2013,1,1)",2564,1.38,5100000.0,Software,4,Chesterfield,MO,1275000.0
WideOrbit,"new Date(2013,1,1)",2575,1.37,64100000.0,Software,340,San Francisco,CA,188529.411765
SafeSoft Solutions,"new Date(2013,1,1)",2584,1.36,2900000.0,Software,19,Woodland Hills,CA,152631.578947
Edifecs,"new Date(2013,1,1)",2606,1.35,51900000.0,Software,399,Bellevue,WA,130075.18797
Kinetic,"new Date(2013,1,1)",2610,1.35,4100000.0,Software,88,Louisville,KY,46590.9090909
Proforma Signature Solutions,"new Date(2013,1,1)",2613,1.35,2000000.0,Advertising & Marketing,14,Brooklyn Heights,OH,142857.142857
Third Door Media,"new Date(2013,1,1)",2621,1.34,7700000.0,Media,23,Redding,CT,334782.608696
Bulldog Solutions,"new Date(2013,1,1)",2626,1.34,13800000.0,Advertising & Marketing,60,Austin,TX,230000.0
Merge Design & Interactive,"new Date(2013,1,1)",2629,1.34,2800000.0,Advertising & Marketing,17,Chicago,IL,164705.882353
Central Desktop,"new Date(2013,1,1)",2633,1.33,6500000.0,Software,73,Pasadena,CA,89041.0958904
Media fusion,"new Date(2013,1,1)",2645,1.33,11700000.0,Advertising & Marketing,105,Huntsville,AL,111428.571429
LeapFrog Solutions,"new Date(2013,1,1)",2648,1.33,6400000.0,Advertising & Marketing,29,Fairfax,VA,220689.655172
Rustici Software,"new Date(2013,1,1)",2668,1.31,3100000.0,Software,19,Franklin,TN,163157.894737
Trifecta Technologies,"new Date(2013,1,1)",2691,1.3,12800000.0,Software,75,Allentown,PA,170666.666667
The Rainmaker Group,"new Date(2013,1,1)",2698,1.3,20900000.0,Software,82,alpharetta,GA,254878.04878
Direct Innovations,"new Date(2013,1,1)",2700,1.3,4000000.0,Advertising & Marketing,7,Bellaire,TX,571428.571429
Primary Wave Media,"new Date(2013,1,1)",2706,1.3,3000000.0,Advertising & Marketing,15,Pleasantville,NY,200000.0
CityTwist,"new Date(2013,1,1)",2707,1.29,5400000.0,Advertising & Marketing,50,Boca Raton,FL,108000.0
Proforma Promotion Consultants,"new Date(2013,1,1)",2717,1.29,10100000.0,Advertising & Marketing,6,Stamford,CT,1683333.33333
CreativeFeed,"new Date(2013,1,1)",2718,1.29,9700000.0,Advertising & Marketing,32,New York,NY,303125.0
Wakefly,"new Date(2013,1,1)",2724,1.28,4400000.0,Advertising & Marketing,24,Westborough,MA,183333.333333
Kelton,"new Date(2013,1,1)",2727,1.28,14100000.0,Advertising & Marketing,42,Culver City,CA,335714.285714
BroadHead,"new Date(2013,1,1)",2733,1.28,12300000.0,Advertising & Marketing,51,Minneapolis,MN,241176.470588
Axceler,"new Date(2013,1,1)",2738,1.27,21800000.0,Software,123,Woburn,MA,177235.772358
Fishbowl Inventory,"new Date(2013,1,1)",2740,1.27,14800000.0,Software,97,Orem,UT,152577.319588
FunnelBox,"new Date(2013,1,1)",2741,1.27,3200000.0,Media,28,Oregon City,OR,114285.714286
CentreSource,"new Date(2013,1,1)",2745,1.27,3700000.0,Advertising & Marketing,33,Nashville,TN,112121.212121
IOMedia,"new Date(2013,1,1)",2751,1.27,13500000.0,Advertising & Marketing,133,New York,NY,101503.759398
Minds On,"new Date(2013,1,1)",2758,1.26,3000000.0,Advertising & Marketing,13,Lewis Center,OH,230769.230769
Technology Finance Partners,"new Date(2013,1,1)",2761,1.26,4400000.0,Software,13,San Bruno,CA,338461.538462
InsideSales.com,"new Date(2013,1,1)",2762,1.26,9700000.0,Software,176,Provo,UT,55113.6363636
Quality Logo Products,"new Date(2013,1,1)",2768,1.26,19000000.0,Advertising & Marketing,52,Aurora,IL,365384.615385
LawLogix Group,"new Date(2013,1,1)",2781,1.25,10400000.0,Software,57,Phoenix,AZ,182456.140351
NetDirector,"new Date(2013,1,1)",2783,1.25,4000000.0,Software,11,Tampa,FL,363636.363636
SportsSignup,"new Date(2013,1,1)",2784,1.25,3300000.0,Software,21,Saratoga Springs,NY,157142.857143
Tagged,"new Date(2013,1,1)",2787,1.25,51000000.0,Media,149,San Francisco,CA,342281.879195
Shooters,"new Date(2013,1,1)",2788,1.24,33200000.0,Media,91,Philadelphia,PA,364835.164835
LogiGear,"new Date(2013,1,1)",2800,1.24,12500000.0,Software,750,San Mateo,CA,16666.6666667
Creating Results,"new Date(2013,1,1)",2804,1.24,2100000.0,Advertising & Marketing,13,Woodbridge,VA,161538.461538
LeadDog Marketing Group,"new Date(2013,1,1)",2805,1.23,32900000.0,Advertising & Marketing,131,New York,NY,251145.038168
LeadVision Media,"new Date(2013,1,1)",2812,1.23,8100000.0,Advertising & Marketing,12,Midwest City,OK,675000.0
Amadeus Consulting,"new Date(2013,1,1)",2825,1.22,8900000.0,Software,80,Boulder,CO,111250.0
Taylor Creative,"new Date(2013,1,1)",2831,1.22,9200000.0,Advertising & Marketing,35,New York,NY,262857.142857
Decipher,"new Date(2013,1,1)",2835,1.21,19800000.0,Software,140,Fresno,CA,141428.571429
Beyond Spots & Dots,"new Date(2013,1,1)",2840,1.21,3100000.0,Advertising & Marketing,15,Pittsburgh,PA,206666.666667
Geary LSF,"new Date(2013,1,1)",2849,1.21,41700000.0,Advertising & Marketing,186,San Francisco,CA,224193.548387
Dodge Communications,"new Date(2013,1,1)",2855,1.2,5900000.0,Advertising & Marketing,42,Alpharetta,GA,140476.190476
Blue Horseshoe Solutions,"new Date(2013,1,1)",2856,1.2,23800000.0,Software,111,Carmel,IN,214414.414414
Lenati,"new Date(2013,1,1)",2873,1.19,9000000.0,Advertising & Marketing,53,Seattle,WA,169811.320755
XIFIN,"new Date(2013,1,1)",2887,1.18,29200000.0,Software,160,San Diego,CA,182500.0
LaunchSquad,"new Date(2013,1,1)",2893,1.18,9400000.0,Advertising & Marketing,85,San Francisco,CA,110588.235294
Mankin Media Systems,"new Date(2013,1,1)",2897,1.18,4500000.0,Media,12,Franklin,TN,375000.0
Bullhorn,"new Date(2013,1,1)",2909,1.17,44000000.0,Software,292,Boston,MA,150684.931507
The Sage Group,"new Date(2013,1,1)",2923,1.16,12200000.0,Advertising & Marketing,62,San Francisco,CA,196774.193548
"Fathom (Valley View, OH)","new Date(2013,1,1)",2938,1.16,14900000.0,Advertising & Marketing,121,Valley View,OH,123140.495868
Deque Systems,"new Date(2013,1,1)",2940,1.16,12100000.0,Software,44,Herndon,VA,275000.0
Outsell,"new Date(2013,1,1)",2955,1.15,13400000.0,Software,85,Minneapolis,MN,157647.058824
DataArt,"new Date(2013,1,1)",2964,1.14,30700000.0,Software,800,New York,NY,38375.0
FilmTools,"new Date(2013,1,1)",2966,1.14,20500000.0,Media,35,Burbank,CA,585714.285714
Thunder Tech,"new Date(2013,1,1)",2987,1.13,2800000.0,Advertising & Marketing,31,Cleveland,OH,90322.5806452
DeanHouston,"new Date(2013,1,1)",2989,1.13,6100000.0,Advertising & Marketing,38,Cincinnati,OH,160526.315789
Relias Learning,"new Date(2013,1,1)",3008,1.12,28600000.0,Software,161,Cary,NC,177639.751553
Prophet,"new Date(2013,1,1)",3013,1.11,92800000.0,Advertising & Marketing,228,San Francisco,CA,407017.54386
Qvidian,"new Date(2013,1,1)",3030,1.1,13500000.0,Software,98,Lowell,MA,137755.102041
mywedding.com,"new Date(2013,1,1)",3049,1.1,6900000.0,Advertising & Marketing,73,Castle Rock,CO,94520.5479452
Duarte,"new Date(2013,1,1)",3052,1.09,20400000.0,Advertising & Marketing,106,Mountain View,CA,192452.830189
VHMnetwork,"new Date(2013,1,1)",3056,1.09,4500000.0,Advertising & Marketing,10,New York,NY,450000.0
Primacy,"new Date(2013,1,1)",3067,1.09,15000000.0,Advertising & Marketing,77,Farmington,CT,194805.194805
BidSync,"new Date(2013,1,1)",3077,1.08,8300000.0,Software,75,American Fork,UT,110666.666667
Borgmeyer Marketing Group,"new Date(2013,1,1)",3095,1.07,4500000.0,Advertising & Marketing,13,Saint Charles,MO,346153.846154
Viscira,"new Date(2013,1,1)",3101,1.07,12900000.0,Software,85,San Francisco,CA,151764.705882
Platys Group,"new Date(2013,1,1)",3105,1.07,3800000.0,Software,50,somerset,NJ,76000.0
MindFire Communications,"new Date(2013,1,1)",3106,1.07,2100000.0,Advertising & Marketing,14,Le Claire,IA,150000.0
Team Epiphany,"new Date(2013,1,1)",3117,1.06,8200000.0,Advertising & Marketing,37,New York,NY,221621.621622
Solver,"new Date(2013,1,1)",3133,1.05,7000000.0,Software,26,Los Angeles,CA,269230.769231
Wilson Perkins Allen Opinion Research,"new Date(2013,1,1)",3137,1.05,4700000.0,Advertising & Marketing,16,OKLAHOMA CITY,OK,293750.0
Verge Marketing,"new Date(2013,1,1)",3146,1.04,4000000.0,Advertising & Marketing,21,New York,NY,190476.190476
Client Attraction,"new Date(2013,1,1)",3148,1.04,3100000.0,Media,8,Stamford,CT,387500.0
Juice Pharma Worldwide,"new Date(2013,1,1)",3153,1.04,53800000.0,Advertising & Marketing,186,New York,NY,289247.311828
Eview 360,"new Date(2013,1,1)",3157,1.04,12900000.0,Advertising & Marketing,34,Farmington Hills,MI,379411.764706
Planit,"new Date(2013,1,1)",3162,1.03,10500000.0,Advertising & Marketing,60,Baltimore,MD,175000.0
Tobe Direct,"new Date(2013,1,1)",3167,1.03,15600000.0,Advertising & Marketing,55,Louisville,KY,283636.363636
(Add)ventures,"new Date(2013,1,1)",3179,1.03,9900000.0,Advertising & Marketing,40,Providence,RI,247500.0
Core Creative,"new Date(2013,1,1)",3182,1.02,5700000.0,Advertising & Marketing,31,Milwaukee,WI,183870.967742
AKT Enterprises,"new Date(2013,1,1)",3186,1.02,9400000.0,Advertising & Marketing,137,Orlando,FL,68613.1386861
AvidXchange,"new Date(2013,1,1)",3188,1.02,12200000.0,Software,127,"Charlotte, NC",NC,96062.992126
Lewis PR,"new Date(2013,1,1)",3192,1.02,12200000.0,Advertising & Marketing,335,"San Francisco, CA",CA,36417.9104478
PowerPlan,"new Date(2013,1,1)",3195,1.02,77000000.0,Software,207,Atlanta,GA,371980.676329
Ace Exhibits,"new Date(2013,1,1)",3202,1.01,7800000.0,Advertising & Marketing,42,Los Angeles,CA,185714.285714
Three Deep Marketing,"new Date(2013,1,1)",3228,1.0,6200000.0,Advertising & Marketing,50,Saint Paul,MN,124000.0
IQMS,"new Date(2013,1,1)",3230,1.0,25500000.0,Software,140,Paso Robles,CA,182142.857143
BlueMedia,"new Date(2013,1,1)",3235,1.0,9400000.0,Advertising & Marketing,74,Tempe,AZ,127027.027027
ConnectWise,"new Date(2013,1,1)",3239,1.0,47000000.0,Software,257,Tampa,FL,182879.377432
Rhythm Interactive,"new Date(2013,1,1)",3241,1.0,3700000.0,Advertising & Marketing,19,Irvine,CA,194736.842105
Modus Associates,"new Date(2013,1,1)",3251,0.99,2300000.0,Advertising & Marketing,9,New York,NY,255555.555556
Booj,"new Date(2013,1,1)",3263,0.98,5200000.0,Software,64,Lakewood,CO,81250.0
Local Splash,"new Date(2013,1,1)",3266,0.98,9200000.0,Advertising & Marketing,152,Costa Mesa,CA,60526.3157895
EMSI,"new Date(2013,1,1)",3272,0.98,8800000.0,Software,80,Moscow,ID,110000.0
Nexus Systems,"new Date(2013,1,1)",3277,0.98,4600000.0,Software,44,Falls Church,VA,104545.454545
Imagine Software,"new Date(2013,1,1)",3279,0.97,10000000.0,Software,59,Charlotte,NC,169491.525424
InkHead Promotional Products,"new Date(2013,1,1)",3288,0.97,7800000.0,Advertising & Marketing,22,Winder,GA,354545.454545
Butler/Till,"new Date(2013,1,1)",3289,0.97,123600000.0,Advertising & Marketing,73,Rochester,NY,1693150.68493
Denny Mountain Media,"new Date(2013,1,1)",3290,0.97,6800000.0,Advertising & Marketing,62,Seattle,WA,109677.419355
Triple Point Technology,"new Date(2013,1,1)",3291,0.97,173400000.0,Software,865,Westport,CT,200462.427746
GPS Insight,"new Date(2013,1,1)",3294,0.97,15000000.0,Software,43,Scottsdale,AZ,348837.209302
Focus Forward,"new Date(2013,1,1)",3299,0.96,5000000.0,Advertising & Marketing,75,Wayne,PA,66666.6666667
SmartCEO,"new Date(2013,1,1)",3305,0.96,4900000.0,Media,38,Baltimore,MD,128947.368421
MyDailyMoment.com,"new Date(2013,1,1)",3313,0.96,5900000.0,Media,16,New York,NY,368750.0
Linoma Software,"new Date(2013,1,1)",3322,0.95,4900000.0,Software,22,Ashland,NE,222727.272727
Soap Creative,"new Date(2013,1,1)",3335,0.95,3200000.0,Advertising & Marketing,25,Los Angeles,CA,128000.0
Distribution One,"new Date(2013,1,1)",3336,0.95,4900000.0,Software,35,Mt. Laurel,NJ,140000.0
3C Software,"new Date(2013,1,1)",3337,0.95,9600000.0,Software,33,Atlanta,GA,290909.090909
Barber Martin Agency,"new Date(2013,1,1)",3339,0.95,29100000.0,Advertising & Marketing,29,Richmond,VA,1003448.27586
Sundog,"new Date(2013,1,1)",3347,0.94,10400000.0,Advertising & Marketing,96,Fargo,ND,108333.333333
HDS,"new Date(2013,1,1)",3354,0.94,12500000.0,Advertising & Marketing,48,Pittsburgh,PA,260416.666667
Saveology.com,"new Date(2013,1,1)",3368,0.93,226800000.0,Advertising & Marketing,1528,Margate,FL,148429.319372
Dean Evans & Associates,"new Date(2013,1,1)",3369,0.93,15700000.0,Software,73,Centennial,CO,215068.493151
DaviesMoore,"new Date(2013,1,1)",3373,0.93,8900000.0,Advertising & Marketing,15,Boise,ID,593333.333333
TicketNetwork.com,"new Date(2013,1,1)",3377,0.92,213700000.0,Software,441,South Windsor,CT,484580.498866
Restoration Media,"new Date(2013,1,1)",3391,0.92,6300000.0,Advertising & Marketing,33,Tustin,CA,190909.090909
eFileCabinet,"new Date(2013,1,1)",3400,0.92,3000000.0,Software,28,Lehi,UT,107142.857143
Shopatron,"new Date(2013,1,1)",3402,0.91,15800000.0,Software,153,San Luis Obispo,CA,103267.973856
ALPI International,"new Date(2013,1,1)",3404,0.91,5200000.0,Advertising & Marketing,30,Oakland,CA,173333.333333
Solstice Consulting,"new Date(2013,1,1)",3409,0.91,12800000.0,Software,90,Chicago,IL,142222.222222
Formula PR,"new Date(2013,1,1)",3410,0.91,12500000.0,Advertising & Marketing,92,San Diego,CA,135869.565217
Funnel Design Group,"new Date(2013,1,1)",3430,0.9,4300000.0,Advertising & Marketing,13,oklahoma city,OK,330769.230769
Thycotic Software,"new Date(2013,1,1)",3431,0.9,4400000.0,Software,23,Washington,DC,191304.347826
Proforma Promotionally Yours,"new Date(2013,1,1)",3432,0.9,3200000.0,Advertising & Marketing,13,Kansas City,KS,246153.846154
Opus Events Agency,"new Date(2013,1,1)",3465,0.89,22500000.0,Advertising & Marketing,85,Beaverton,OR,264705.882353
Worthwhile,"new Date(2013,1,1)",3475,0.88,2200000.0,Advertising & Marketing,25,Greenville,SC,88000.0
Catalyst Repository Systems,"new Date(2013,1,1)",3484,0.88,34900000.0,Software,145,Denver,CO,240689.655172
"Skyline Exhibits & Events (Columbus, OH)","new Date(2013,1,1)",3488,0.88,4300000.0,Advertising & Marketing,16,Columbus,OH,268750.0
National Positions,"new Date(2013,1,1)",3491,0.88,13000000.0,Advertising & Marketing,590,Agoura Hills,CA,22033.8983051
Coverity,"new Date(2013,1,1)",3501,0.87,60500000.0,Software,257,San Francisco,CA,235408.560311
Market Street Solutions,"new Date(2013,1,1)",3511,0.87,5200000.0,Software,15,Chattanooga,TN,346666.666667
Metova,"new Date(2013,1,1)",3523,0.87,3400000.0,Software,29,Franklin,TN,117241.37931
Rescue Social Change Group,"new Date(2013,1,1)",3529,0.86,4500000.0,Advertising & Marketing,34,San Diego,CA,132352.941176
Smartware Group,"new Date(2013,1,1)",3536,0.86,2700000.0,Software,24,Center Harbor,NH,112500.0
Charter Financial Publishing Network,"new Date(2013,1,1)",3537,0.86,10900000.0,Media,32,Shrewsbury,NJ,340625.0
Envision Technology Marketing Group,"new Date(2013,1,1)",3548,0.86,9800000.0,Advertising & Marketing,35,San Jose,CA,280000.0
Influence Graphics,"new Date(2013,1,1)",3549,0.86,4100000.0,Advertising & Marketing,24,New York,NY,170833.333333
Adlucent,"new Date(2013,1,1)",3551,0.86,11700000.0,Advertising & Marketing,83,Austin,TX,140963.855422
Concinnity Marketing,"new Date(2013,1,1)",3555,0.86,2600000.0,Advertising & Marketing,25,Winston-Salem,NC,104000.0
Beck Ag,"new Date(2013,1,1)",3556,0.86,7300000.0,Advertising & Marketing,16,Wayne,NE,456250.0
Duffey Petrosky,"new Date(2013,1,1)",3572,0.85,10900000.0,Advertising & Marketing,75,Farmington Hills,MI,145333.333333
Program Productions,"new Date(2013,1,1)",3573,0.85,20700000.0,Media,3300,Lombard,IL,6272.72727273
Sensis,"new Date(2013,1,1)",3577,0.85,12300000.0,Advertising & Marketing,39,Los Angeles,CA,315384.615385
Orange Legal Technologies,"new Date(2013,1,1)",3578,0.85,6000000.0,Software,75,Salt Lake City,UT,80000.0
Pinnacle Exhibits,"new Date(2013,1,1)",3580,0.85,31700000.0,Advertising & Marketing,114,Hillsboro,OR,278070.175439
Portent,"new Date(2013,1,1)",3586,0.84,3700000.0,Advertising & Marketing,38,Seattle,WA,97368.4210526
Stream Companies,"new Date(2013,1,1)",3588,0.84,26600000.0,Advertising & Marketing,68,Malvern,PA,391176.470588
Burdette Ketchum,"new Date(2013,1,1)",3590,0.84,6000000.0,Advertising & Marketing,26,Jacksonville,FL,230769.230769
Post Beam,"new Date(2013,1,1)",3594,0.84,5900000.0,Advertising & Marketing,32,New York,NY,184375.0
Dimension Design,"new Date(2013,1,1)",3631,0.83,12800000.0,Advertising & Marketing,92,Glenview,IL,139130.434783
LSN Mobile,"new Date(2013,1,1)",3635,0.83,9000000.0,Media,27,Atlanta,GA,333333.333333
Automation Control Products,"new Date(2013,1,1)",3642,0.82,4400000.0,Software,26,Alpharetta,GA,169230.769231
Kutir,"new Date(2013,1,1)",3647,0.82,5900000.0,Software,70,Newark,CA,84285.7142857
Titan SEO,"new Date(2013,1,1)",3655,0.81,4100000.0,Advertising & Marketing,20,San Diego,CA,205000.0
Practice Velocity,"new Date(2013,1,1)",3669,0.81,20300000.0,Software,238,Machesney Park,IL,85294.1176471
Insight Resource Group,"new Date(2013,1,1)",3681,0.8,11100000.0,Advertising & Marketing,20,Orinda,CA,555000.0
Marathon Data Systems,"new Date(2013,1,1)",3683,0.8,19800000.0,Software,103,Wall Township,NJ,192233.009709
EventPro Strategies,"new Date(2013,1,1)",3687,0.8,11700000.0,Advertising & Marketing,5637,Scottsdale,AZ,2075.57211283
Service Repair Solutions,"new Date(2013,1,1)",3692,0.8,100900000.0,Software,496,Las Vegas,NV,203427.419355
Dean Media Group,"new Date(2013,1,1)",3694,0.8,10600000.0,Advertising & Marketing,17,Chicago,IL,623529.411765
Liquid Interactive,"new Date(2013,1,1)",3695,0.8,2800000.0,Advertising & Marketing,35,Breinigsville,PA,80000.0
Logic Solutions,"new Date(2013,1,1)",3703,0.79,8500000.0,Software,234,Ann Arbor,MI,36324.7863248
Tour de Force CRM,"new Date(2013,1,1)",3706,0.79,2900000.0,Software,26,Findlay,OH,111538.461538
Saxum,"new Date(2013,1,1)",3710,0.79,4100000.0,Advertising & Marketing,28,Oklahoma City,OK,146428.571429
Lifescript,"new Date(2013,1,1)",3712,0.79,36000000.0,Advertising & Marketing,71,Mission Viejo,CA,507042.253521
Advantage Media Group,"new Date(2013,1,1)",3722,0.79,2600000.0,Media,15,Charleston,SC,173333.333333
Hargrove,"new Date(2013,1,1)",3723,0.78,100800000.0,Advertising & Marketing,243,Lanham,MD,414814.814815
Knock,"new Date(2013,1,1)",3732,0.78,20600000.0,Advertising & Marketing,51,Minneapolis,MN,403921.568627
Dinerware,"new Date(2013,1,1)",3744,0.78,6000000.0,Software,33,Seattle,WA,181818.181818
Location3 Media,"new Date(2013,1,1)",3750,0.77,24500000.0,Advertising & Marketing,72,Denver,CO,340277.777778
Hyland Software,"new Date(2013,1,1)",3751,0.77,236700000.0,Software,1486,Westlake,OH,159286.675639
Panthera Interactive,"new Date(2013,1,1)",3769,0.77,8000000.0,Advertising & Marketing,13,Henderson,NV,615384.615385
Switch,"new Date(2013,1,1)",3777,0.77,48500000.0,Advertising & Marketing,1430,St. Louis,MO,33916.0839161
Flexera Software,"new Date(2013,1,1)",3778,0.77,200000000.0,Software,528,Schaumburg,IL,378787.878788
SMA,"new Date(2013,1,1)",3791,0.76,16200000.0,Software,73,Kingwood,TX,221917.808219
Freddie Georges Production Group,"new Date(2013,1,1)",3793,0.76,8200000.0,Advertising & Marketing,24,La Palma,CA,341666.666667
Strategic Planning Online,"new Date(2013,1,1)",3795,0.76,2200000.0,Software,18,Coral Springs,FL,122222.222222
AIS,"new Date(2013,1,1)",3798,0.76,60500000.0,Software,296,Reston,VA,204391.891892
Concentric Marketing,"new Date(2013,1,1)",3802,0.75,4000000.0,Advertising & Marketing,22,Charlotte,NC,181818.181818
VST Consulting,"new Date(2013,1,1)",3808,0.75,7200000.0,Software,107,Iselin,NJ,67289.7196262
DynamiCard Plastic Postcards,"new Date(2013,1,1)",3810,0.75,4100000.0,Advertising & Marketing,6,Escondido,CA,683333.333333
Bayshore Solutions,"new Date(2013,1,1)",3811,0.75,7800000.0,Advertising & Marketing,53,Tampa,FL,147169.811321
Vubiquity,"new Date(2013,1,1)",3818,0.75,256300000.0,Media,429,Reston,VA,597435.897436
IMG Business Solutions,"new Date(2013,1,1)",3831,0.74,2900000.0,Advertising & Marketing,11,San Francisco,CA,263636.363636
Urban Science,"new Date(2013,1,1)",3850,0.73,146600000.0,Software,839,Detroit,MI,174731.8236
VUE Software,"new Date(2013,1,1)",3858,0.73,11200000.0,Software,250,Coconut Creek,FL,44800.0
Sage Communications,"new Date(2013,1,1)",3860,0.73,12300000.0,Advertising & Marketing,50,McLean,VA,246000.0
ePrize,"new Date(2013,1,1)",3861,0.73,65200000.0,Advertising & Marketing,400,Pleasant Ridge,MI,163000.0
SmartLinx Solutions,"new Date(2013,1,1)",3868,0.73,7000000.0,Software,54,N. Charleston,SC,129629.62963
Mudd,"new Date(2013,1,1)",3877,0.72,52100000.0,Advertising & Marketing,259,Cedar Falls,IA,201158.301158
BusinessOnline,"new Date(2013,1,1)",3879,0.72,7200000.0,Advertising & Marketing,37,San Diego,CA,194594.594595
Shoptech Software,"new Date(2013,1,1)",3884,0.72,22900000.0,Software,141,Glastonbury,CT,162411.347518
Imagination,"new Date(2013,1,1)",3886,0.72,15500000.0,Advertising & Marketing,90,Chicago,IL,172222.222222
Customer Magnetism,"new Date(2013,1,1)",3888,0.72,3800000.0,Advertising & Marketing,23,Virginia Beach,VA,165217.391304
MicroPact,"new Date(2013,1,1)",3894,0.72,17700000.0,Software,130,Herndon,VA,136153.846154
Bomgar,"new Date(2013,1,1)",3904,0.71,40900000.0,Software,198,Ridgeland,MS,206565.656566
Monk Development,"new Date(2013,1,1)",3905,0.71,2100000.0,Software,21,San Diego,CA,100000.0
Atomic Object,"new Date(2013,1,1)",3908,0.71,5500000.0,Software,38,Grand Rapids,MI,144736.842105
Mercury Promotions & Fulfillment,"new Date(2013,1,1)",3919,0.71,18700000.0,Advertising & Marketing,50,Sterling Heights,MI,374000.0
Parallel Path,"new Date(2013,1,1)",3927,0.7,2100000.0,Advertising & Marketing,22,Boulder,CO,95454.5454545
Intermarkets,"new Date(2013,1,1)",3931,0.7,21800000.0,Advertising & Marketing,45,Reston,VA,484444.444444
Strata Decision Technology,"new Date(2013,1,1)",3932,0.7,17500000.0,Software,90,Chicago,IL,194444.444444
iCIMS,"new Date(2013,1,1)",3933,0.7,37400000.0,Software,234,Matawan,NJ,159829.059829
Element Payment Services,"new Date(2013,1,1)",3937,0.7,34200000.0,Software,87,Chandler,AZ,393103.448276
CellTrust,"new Date(2013,1,1)",3940,0.7,4900000.0,Software,38,Scottsdale,AZ,128947.368421
Foodmix Marketing Communications,"new Date(2013,1,1)",3952,0.69,9200000.0,Advertising & Marketing,35,Elmhurst,IL,262857.142857
WTWH Media,"new Date(2013,1,1)",3956,0.69,5900000.0,Media,32,Cleveland,OH,184375.0
Dealer Product Services,"new Date(2013,1,1)",3963,0.69,19200000.0,Advertising & Marketing,150,Long Grove,IL,128000.0
Website Pipeline,"new Date(2013,1,1)",3964,0.69,3500000.0,Software,26,Greenville,SC,134615.384615
AB Data,"new Date(2013,1,1)",3969,0.69,76500000.0,Advertising & Marketing,273,Milwaukee,WI,280219.78022
Nexus Direct,"new Date(2013,1,1)",3970,0.69,10200000.0,Advertising & Marketing,31,Virginia Beach,VA,329032.258065
BlueWater Technologies,"new Date(2013,1,1)",3977,0.68,59100000.0,Media,166,Southfield,MI,356024.096386
Evolve Media,"new Date(2013,1,1)",4010,0.67,99000000.0,Advertising & Marketing,348,Los Angeles,CA,284482.758621
Prosek Partners,"new Date(2013,1,1)",4020,0.67,15000000.0,Advertising & Marketing,62,Fairfield,CT,241935.483871
Griffin & Associates,"new Date(2013,1,1)",4022,0.67,2000000.0,Advertising & Marketing,10,Albuquerque,NM,200000.0
WPromote,"new Date(2013,1,1)",4026,0.66,13900000.0,Advertising & Marketing,85,El Segundo,CA,163529.411765
Veracity Solutions,"new Date(2013,1,1)",4029,0.66,7300000.0,Software,55,Salt Lake City,UT,132727.272727
Be Found Online,"new Date(2013,1,1)",4036,0.66,2700000.0,Advertising & Marketing,25,Chicago,IL,108000.0
Emerald Data Solutions,"new Date(2013,1,1)",4041,0.66,4000000.0,Software,19,Marietta,GA,210526.315789
Kobie Marketing,"new Date(2013,1,1)",4042,0.66,17200000.0,Advertising & Marketing,85,Saint Petersburg,FL,202352.941176
Red Door Interactive,"new Date(2013,1,1)",4045,0.66,17400000.0,Advertising & Marketing,61,San Diego,CA,285245.901639
PCD Group,"new Date(2013,1,1)",4047,0.66,3700000.0,Advertising & Marketing,15,Portland,OR,246666.666667
Image Locations,"new Date(2013,1,1)",4048,0.66,5900000.0,Media,28,Beverly Hills,CA,210714.285714
ChannelInsight,"new Date(2013,1,1)",4066,0.65,8600000.0,Software,100,Denver,CO,86000.0
DesignSensory,"new Date(2013,1,1)",4070,0.65,2000000.0,Advertising & Marketing,21,Knoxville,TN,95238.0952381
Bader Rutter,"new Date(2013,1,1)",4086,0.65,37000000.0,Advertising & Marketing,244,Brookfield,WI,151639.344262
Merritt Group,"new Date(2013,1,1)",4088,0.65,9200000.0,Advertising & Marketing,40,Reston,VA,230000.0
90octane,"new Date(2013,1,1)",4098,0.64,4500000.0,Advertising & Marketing,47,Denver,CO,95744.6808511
AMP Agency,"new Date(2013,1,1)",4102,0.64,28700000.0,Advertising & Marketing,92,Boston,MA,311956.521739
Cvision Technologies,"new Date(2013,1,1)",4128,0.63,5200000.0,Software,28,Forest Hills,NY,185714.285714
"Skyline Exhibits & Events (Dallas/Fort Worth, TX)","new Date(2013,1,1)",4135,0.63,7800000.0,Advertising & Marketing,29,Grand Prairie,TX,268965.517241
Meltwater Group,"new Date(2013,1,1)",4152,0.63,124500000.0,Software,805,San Francisco,CA,154658.385093
Everyday Health,"new Date(2013,1,1)",4153,0.62,146400000.0,Media,602,New York,NY,243189.368771
Community Impact Newspaper,"new Date(2013,1,1)",4156,0.62,9700000.0,Media,83,Pflugerville,TX,116867.46988
Edulence,"new Date(2013,1,1)",4158,0.62,2000000.0,Software,15,New York,NY,133333.333333
Vision Graphics,"new Date(2013,1,1)",4160,0.62,22000000.0,Advertising & Marketing,127,Loveland,CO,173228.346457
Cahaba Media Group,"new Date(2013,1,1)",4161,0.62,5100000.0,Media,25,Birmingham,AL,204000.0
Gimmal,"new Date(2013,1,1)",4163,0.62,21100000.0,Software,103,Houston,TX,204854.368932
Motivators.com,"new Date(2013,1,1)",4166,0.62,13200000.0,Advertising & Marketing,55,westbury,NY,240000.0
Binary Tree,"new Date(2013,1,1)",4169,0.62,21100000.0,Software,73,Newark,NJ,289041.09589
Proforma Graphic Services,"new Date(2013,1,1)",4176,0.62,6800000.0,Advertising & Marketing,19,Columbus,OH,357894.736842
Control4,"new Date(2013,1,1)",4178,0.62,109500000.0,Software,333,Salt Lake City,UT,328828.828829
KRT Marketing,"new Date(2013,1,1)",4187,0.61,10500000.0,Advertising & Marketing,18,Lafayette,CA,583333.333333
Nordis Direct,"new Date(2013,1,1)",4199,0.61,12600000.0,Advertising & Marketing,78,Coral Springs,FL,161538.461538
JDA,"new Date(2013,1,1)",4200,0.61,9400000.0,Advertising & Marketing,24,St. Simons Island,GA,391666.666667
Sonic Promos,"new Date(2013,1,1)",4209,0.61,2500000.0,Advertising & Marketing,12,Gaithersburg,MD,208333.333333
SignUp4,"new Date(2013,1,1)",4213,0.6,6600000.0,Software,60,Atlanta,GA,110000.0
InVision Communications,"new Date(2013,1,1)",4215,0.6,41000000.0,Advertising & Marketing,87,Walnut Creek,CA,471264.367816
Lessing-Flynn Advertising,"new Date(2013,1,1)",4216,0.6,4500000.0,Advertising & Marketing,16,Des Moines,IA,281250.0
V12 Group,"new Date(2013,1,1)",4222,0.6,22700000.0,Advertising & Marketing,82,Red Bank,NJ,276829.268293
Client Command,"new Date(2013,1,1)",4230,0.6,5500000.0,Advertising & Marketing,15,Cumming,GA,366666.666667
Builder Homesite,"new Date(2013,1,1)",4235,0.6,29500000.0,Advertising & Marketing,216,Austin,TX,136574.074074
Idera,"new Date(2013,1,1)",4241,0.6,34900000.0,Software,191,Houston,TX,182722.513089
Satisfyd,"new Date(2013,1,1)",4244,0.59,4400000.0,Software,10,Naperville,IL,440000.0
Nyhus Communications,"new Date(2013,1,1)",4247,0.59,4300000.0,Advertising & Marketing,18,Seattle,WA,238888.888889
Stimulant,"new Date(2013,1,1)",4251,0.59,2500000.0,Software,11,San Francisco,CA,227272.727273
Covenant Eyes,"new Date(2013,1,1)",4253,0.59,7500000.0,Software,90,Owosso,MI,83333.3333333
Pen-Link,"new Date(2013,1,1)",4259,0.59,23300000.0,Software,67,Lincoln,NE,347761.19403
352 Media Group,"new Date(2013,1,1)",4269,0.58,6200000.0,Advertising & Marketing,58,Newberry,FL,106896.551724
Smashing Ideas,"new Date(2013,1,1)",4270,0.58,10300000.0,Advertising & Marketing,75,Seattle,WA,137333.333333
Response Mine Interactive,"new Date(2013,1,1)",4272,0.58,13700000.0,Advertising & Marketing,87,Atlanta,GA,157471.264368
iLeads.com,"new Date(2013,1,1)",4273,0.58,2800000.0,Advertising & Marketing,18,Newport Beach,CA,155555.555556
WorkForce Software,"new Date(2013,1,1)",4282,0.58,30300000.0,Software,281,Livonia,MI,107829.181495
HyperDrive,"new Date(2013,1,1)",4285,0.57,2700000.0,Advertising & Marketing,18,Loveland,OH,150000.0
Taradel,"new Date(2013,1,1)",4288,0.57,3900000.0,Advertising & Marketing,12,Glen Allen,VA,325000.0
ISITE Design,"new Date(2013,1,1)",4301,0.57,9300000.0,Advertising & Marketing,64,Portland,OR,145312.5
Linhart Public Relations,"new Date(2013,1,1)",4315,0.57,5200000.0,Advertising & Marketing,28,Denver,CO,185714.285714
Trims Unlimited,"new Date(2013,1,1)",4317,0.57,3500000.0,Advertising & Marketing,5,Los Angeles,CA,700000.0
Paperless Business Systems,"new Date(2013,1,1)",4322,0.56,5900000.0,Software,35,Seattle,WA,168571.428571
EAC Product Development Solutions,"new Date(2013,1,1)",4323,0.56,14700000.0,Software,52,Burnsville,MN,282692.307692
Cyrus Innovation,"new Date(2013,1,1)",4336,0.56,5900000.0,Software,46,new york,NY,128260.869565
Kitware,"new Date(2013,1,1)",4352,0.55,21300000.0,Software,110,Clifton Park,NY,193636.363636
PHT,"new Date(2013,1,1)",4359,0.55,59900000.0,Software,272,Boston,MA,220220.588235
Softdocs,"new Date(2013,1,1)",4368,0.55,5200000.0,Software,58,Columbia,SC,89655.1724138
NeoGov,"new Date(2013,1,1)",4371,0.55,12600000.0,Software,1,El Segunod,CA,12600000.0
CompareNetworks,"new Date(2013,1,1)",4373,0.55,17300000.0,Media,77,South San Francisco,CA,224675.324675
Marlin Network,"new Date(2013,1,1)",4380,0.54,11300000.0,Advertising & Marketing,113,Springfield,MO,100000.0
Acclivity,"new Date(2013,1,1)",4386,0.54,7700000.0,Software,57,Rockaway,NJ,135087.719298
Direct Agents,"new Date(2013,1,1)",4399,0.54,22700000.0,Advertising & Marketing,47,New York,NY,482978.723404
First Edge Solutions,"new Date(2013,1,1)",4413,0.53,10900000.0,Advertising & Marketing,88,Milwaukee,WI,123863.636364
MayoSeitz Media,"new Date(2013,1,1)",4421,0.53,39500000.0,Advertising & Marketing,26,Blue Bell,PA,1519230.76923
ImageMedia.com,"new Date(2013,1,1)",4429,0.53,4600000.0,Advertising & Marketing,34,Tarpon Springs,FL,135294.117647
Commotion Promotions,"new Date(2013,1,1)",4430,0.53,10700000.0,Advertising & Marketing,28,Phoenix,AZ,382142.857143
C2C Outdoor,"new Date(2013,1,1)",4432,0.53,27700000.0,Advertising & Marketing,12,New York,NY,2308333.33333
DaySmart Software,"new Date(2013,1,1)",4433,0.53,5000000.0,Software,32,Wixom,MI,156250.0
Perceptronics Solutions,"new Date(2013,1,1)",4445,0.52,3800000.0,Software,25,Falls Church,VA,152000.0
Edgeware Computers,"new Date(2013,1,1)",4452,0.52,3100000.0,Software,34,Marietta,GA,91176.4705882
ePath Learning,"new Date(2013,1,1)",4453,0.52,3400000.0,Software,32,New London,CT,106250.0
NetTime Solutions,"new Date(2013,1,1)",4456,0.52,4700000.0,Software,36,Scottsdale,AZ,130555.555556
OpenLink,"new Date(2013,1,1)",4465,0.52,304300000.0,Software,1271,Uniondale,NY,239417.781275
Blue Telescope,"new Date(2013,1,1)",4467,0.52,3400000.0,Media,9,New York,NY,377777.777778
Network Automation,"new Date(2013,1,1)",4491,0.51,5700000.0,Software,33,Los Angeles,CA,172727.272727
Launch Agency,"new Date(2013,1,1)",4499,0.5,4300000.0,Advertising & Marketing,29,Carrollton,TX,148275.862069
BrandMuscle,"new Date(2013,1,1)",4501,0.5,68000000.0,Software,565,Chicago,IL,120353.982301
ObjectVideo,"new Date(2013,1,1)",4509,0.5,18900000.0,Software,53,Reston,VA,356603.773585
Saturn Systems,"new Date(2013,1,1)",4511,0.5,3800000.0,Software,41,Duluth,MN,92682.9268293
TechSmith,"new Date(2013,1,1)",4514,0.5,51400000.0,Software,249,Okemos,MI,206425.702811
MoJo Active,"new Date(2013,1,1)",4516,0.5,2300000.0,Advertising & Marketing,20,Watsontown,PA,115000.0
Bluware,"new Date(2013,1,1)",4523,0.49,15800000.0,Software,89,Houston,TX,177528.089888
Proof Advertising,"new Date(2013,1,1)",4534,0.49,10700000.0,Advertising & Marketing,95,Austin,TX,112631.578947
ePromos Promotional Products,"new Date(2013,1,1)",4544,0.49,28400000.0,Advertising & Marketing,104,New York,NY,273076.923077
Spillman Technologies,"new Date(2013,1,1)",4545,0.49,40800000.0,Software,255,Salt Lake City,UT,160000.0
Paradysz,"new Date(2013,1,1)",4552,0.49,41000000.0,Advertising & Marketing,270,New York,NY,151851.851852
Projectline Services,"new Date(2013,1,1)",4554,0.49,26800000.0,Advertising & Marketing,221,Seattle,WA,121266.968326
Siriusware,"new Date(2013,1,1)",4563,0.48,8100000.0,Software,60,Taos,NM,135000.0
Media Prowler,"new Date(2013,1,1)",4568,0.48,17200000.0,Advertising & Marketing,37,Reston,VA,464864.864865
ExecuPay,"new Date(2013,1,1)",4575,0.48,7600000.0,Software,71,San Antonio,TX,107042.253521
Barnett Murphy Direct Marketing,"new Date(2013,1,1)",4589,0.48,2500000.0,Advertising & Marketing,15,Orlando,FL,166666.666667
Greentarget Global Group,"new Date(2013,1,1)",4590,0.48,5000000.0,Advertising & Marketing,24,Chicago,IL,208333.333333
Delivra,"new Date(2013,1,1)",4592,0.48,3700000.0,Software,30,Indianapolis,IN,123333.333333
Extended Results,"new Date(2013,1,1)",4594,0.48,7300000.0,Software,47,Redmond,WA,155319.148936
Numerix,"new Date(2013,1,1)",4595,0.48,56400000.0,Software,198,New York,NY,284848.484848
Mark-It Smart,"new Date(2013,1,1)",4600,0.47,7600000.0,Advertising & Marketing,14,Santa Ana,CA,542857.142857
2020 Exhibits,"new Date(2013,1,1)",4612,0.47,24300000.0,Advertising & Marketing,125,Houston,TX,194400.0
eImagine Technology Group,"new Date(2013,1,1)",4613,0.47,5400000.0,Software,28,Indianapolis,IN,192857.142857
One Source Talent,"new Date(2013,1,1)",4618,0.47,9000000.0,Advertising & Marketing,120,Troy,MI,75000.0
DirectFX Solutions,"new Date(2013,1,1)",4623,0.47,3100000.0,Advertising & Marketing,18,Memphis,TN,172222.222222
Transfinder,"new Date(2013,1,1)",4632,0.47,7800000.0,Software,63,Schenectady,NY,123809.52381
SofterWare,"new Date(2013,1,1)",4637,0.46,28700000.0,Software,160,Horsham,PA,179375.0
Boston Interactive,"new Date(2013,1,1)",4640,0.46,6700000.0,Advertising & Marketing,35,Charlestown,MA,191428.571429
El Clasificado,"new Date(2013,1,1)",4641,0.46,20300000.0,Media,167,Norwalk,CA,121556.886228
SaveAround,"new Date(2013,1,1)",4652,0.46,6900000.0,Advertising & Marketing,64,Binghamton,NY,107812.5
PixelMEDIA,"new Date(2013,1,1)",4664,0.46,9900000.0,Software,65,Portsmouth,NH,152307.692308
Memeo,"new Date(2013,1,1)",4667,0.46,8000000.0,Software,28,Santa Clara,CA,285714.285714
5AM Solutions,"new Date(2013,1,1)",4674,0.45,10800000.0,Software,48,Reston,VA,225000.0
Archer/Malmo,"new Date(2013,1,1)",4676,0.45,13700000.0,Advertising & Marketing,130,Memphis,TN,105384.615385
Compass Healthcare Marketers,"new Date(2013,1,1)",4677,0.45,7300000.0,Advertising & Marketing,35,Ewing,NJ,208571.428571
Moore Communications Group,"new Date(2013,1,1)",4680,0.45,4800000.0,Advertising & Marketing,27,Tallahassee,FL,177777.777778
ProLink Solutions,"new Date(2013,1,1)",4683,0.45,5000000.0,Software,36,Englewood,CO,138888.888889
Connelly Partners,"new Date(2013,1,1)",4712,0.44,8700000.0,Advertising & Marketing,60,Boston,MA,145000.0
E&E Exhibit Solutions,"new Date(2013,1,1)",4718,0.44,4600000.0,Advertising & Marketing,19,Tempe,AZ,242105.263158
Quango,"new Date(2013,1,1)",4736,0.43,2500000.0,Advertising & Marketing,15,Portland,OR,166666.666667
McMurry/TMG,"new Date(2013,1,1)",4738,0.43,91400000.0,Advertising & Marketing,269,New York City,NY,339776.951673
Classified Ventures,"new Date(2013,1,1)",4754,0.42,441500000.0,Media,1410,Chicago,IL,313120.567376
Star Media Network,"new Date(2013,1,1)",4761,0.42,2500000.0,Advertising & Marketing,10,Santa Barbara,CA,250000.0
Crisp Marketing,"new Date(2013,1,1)",4776,0.42,4300000.0,Advertising & Marketing,50,Fort Lauderdale,FL,86000.0
Dial800,"new Date(2013,1,1)",4787,0.41,6000000.0,Advertising & Marketing,23,Los Angeles,CA,260869.565217
Journal Multimedia,"new Date(2013,1,1)",4796,0.41,16800000.0,Media,123,Harrisburg,PA,136585.365854
PepperDash Technology,"new Date(2013,1,1)",4807,0.41,3500000.0,Software,28,Allston,MA,125000.0
Lane PR,"new Date(2013,1,1)",4822,0.4,4000000.0,Advertising & Marketing,29,Portland,OR,137931.034483
TSI Healthcare,"new Date(2013,1,1)",4826,0.4,18900000.0,Software,77,Chapel Hill,NC,245454.545455
Next Marketing,"new Date(2013,1,1)",4829,0.4,9800000.0,Advertising & Marketing,22,Norcross,GA,445454.545455
TopSpot Internet Marketing,"new Date(2013,1,1)",4832,0.4,13800000.0,Advertising & Marketing,56,Houston,TX,246428.571429
Jump2 Group,"new Date(2013,1,1)",4833,0.4,3500000.0,Advertising & Marketing,5,Spring,TX,700000.0
Spark Public Relations,"new Date(2013,1,1)",4837,0.4,10400000.0,Advertising & Marketing,47,San Francisco,CA,221276.595745
BlueWare,"new Date(2013,1,1)",4838,0.4,3500000.0,Software,51,Melbourne,FL,68627.4509804
Makovsky,"new Date(2013,1,1)",4839,0.4,14300000.0,Advertising & Marketing,55,New York,NY,260000.0
Ansira,"new Date(2013,1,1)",4845,0.4,86200000.0,Advertising & Marketing,515,St. Louis,MO,167378.640777
Affect,"new Date(2013,1,1)",4853,0.39,2600000.0,Advertising & Marketing,18,New York,NY,144444.444444
NetFactor,"new Date(2013,1,1)",4858,0.39,2000000.0,Software,14,Greenwood Village,CO,142857.142857
GXS,"new Date(2013,1,1)",4859,0.39,487500000.0,Software,3000,Gaithersburg,MD,162500.0
Capterra,"new Date(2013,1,1)",4861,0.39,6800000.0,Software,41,Arlington,VA,165853.658537
SnugZ USA,"new Date(2013,1,1)",4863,0.39,30400000.0,Advertising & Marketing,334,Salt Lake City,UT,91017.9640719
ECi Software Solutions,"new Date(2013,1,1)",4865,0.39,101400000.0,Software,513,Fort Worth,TX,197660.818713
ThomasArts,"new Date(2013,1,1)",4869,0.39,12600000.0,Advertising & Marketing,105,Farmington,UT,120000.0
Satuit Technologies,"new Date(2013,1,1)",4875,0.39,6800000.0,Software,39,Braintree,MA,174358.974359
Travelers Marketing,"new Date(2013,1,1)",4880,0.39,16000000.0,Advertising & Marketing,15,Wellesley,MA,1066666.66667
VerticalResponse,"new Date(2013,1,1)",4882,0.39,25200000.0,Advertising & Marketing,109,San Francisco,CA,231192.66055
LRXD,"new Date(2013,1,1)",4883,0.39,4500000.0,Advertising & Marketing,27,Denver,CO,166666.666667
Precision Development,"new Date(2013,1,1)",4887,0.38,3500000.0,Software,24,Hermosa Beach,CA,145833.333333
AngelVision,"new Date(2013,1,1)",4905,0.37,6400000.0,Advertising & Marketing,96,Portland,OR,66666.6666667
Scivantage,"new Date(2013,1,1)",4908,0.37,35000000.0,Software,148,Jersey Cty,NJ,236486.486486
PeopleAdmin,"new Date(2013,1,1)",4921,0.37,21000000.0,Software,120,Austin,TX,175000.0
"Lambert, Edwards & Associates","new Date(2013,1,1)",4928,0.37,7100000.0,Advertising & Marketing,42,Grand Rapids,MI,169047.619048
Brighter Collective,"new Date(2013,1,1)",4945,0.36,7300000.0,Advertising & Marketing,31,Los Angeles,CA,235483.870968
Premium Productions,"new Date(2013,1,1)",4954,0.36,6800000.0,Advertising & Marketing,16,Pleasantville,NY,425000.0
Nett Solutions,"new Date(2013,1,1)",4958,0.36,15200000.0,Advertising & Marketing,45,Aliso Viejo,CA,337777.777778
GA Communication Group,"new Date(2013,1,1)",4960,0.36,22500000.0,Advertising & Marketing,101,Chicago,IL,222772.277228
Trident Marketing,"new Date(2013,1,1)",4972,0.35,61300000.0,Advertising & Marketing,487,Southern Pines,NC,125872.689938
Pilgrim Software,"new Date(2013,1,1)",4974,0.35,23600000.0,Software,126,Tampa,FL,187301.587302
DataCert,"new Date(2013,1,1)",4976,0.35,45600000.0,Software,252,Houston,TX,180952.380952
